year,station_code,station_name,region,lat,lon,month,day,max_24,suma_mensual
1995,M0007,Nuevo Rocafuerte,Amazonia,-0.916,-75.4,1,16,33.1,157.2
1995,M0007,Nuevo Rocafuerte,Amazonia,-0.916,-75.4,2,28,4.9,6.3
1995,M0007,Nuevo Rocafuerte,Amazonia,-0.916,-75.4,3,4,77.1,349.5
1995,M0007,Nuevo Rocafuerte,Amazonia,-0.916,-75.4,4,12,26.4,169.0
1995,M0007,Nuevo Rocafuerte,Amazonia,-0.916,-75.4,5,18,106.6,445.8
1995,M0007,Nuevo Rocafuerte,Amazonia,-0.916,-75.4,6,18,68.5,270.3
1995,M0007,Nuevo Rocafuerte,Amazonia,-0.916,-75.4,7,20,36.7,196.5
1995,M0007,Nuevo Rocafuerte,Amazonia,-0.916,-75.4,8,4,56.3,172.1
1995,M0007,Nuevo Rocafuerte,Amazonia,-0.916,-75.4,9,20,37.0,264.3
1995,M0007,Nuevo Rocafuerte,Amazonia,-0.916,-75.4,10,15,60.5,209.7
1995,M0007,Nuevo Rocafuerte,Amazonia,-0.916,-75.4,11,19,33.5,132.1
1995,M0007,Nuevo Rocafuerte,Amazonia,-0.916,-75.4,12,30,21.7,99.8
1995,M0008,Puyo,Amazonia,-1.483,-77.983,1,17,44.1,222.5
1995,M0008,Puyo,Amazonia,-1.483,-77.983,2,5,76.1,205.2
1995,M0008,Puyo,Amazonia,-1.483,-77.983,3,20,79.8,484.9
1995,M0008,Puyo,Amazonia,-1.483,-77.983,4,12,49.5,254.1
1995,M0008,Puyo,Amazonia,-1.483,-77.983,5,11,75.5,522.7
1995,M0008,Puyo,Amazonia,-1.483,-77.983,6,16,53.3,375.0
1995,M0008,Puyo,Amazonia,-1.483,-77.983,7,20,102.5,578.4
1995,M0008,Puyo,Amazonia,-1.483,-77.983,8,16,70.6,230.3
1995,M0008,Puyo,Amazonia,-1.483,-77.983,9,20,79.6,343.2
1995,M0008,Puyo,Amazonia,-1.483,-77.983,10,22,35.8,192.9
1995,M0008,Puyo,Amazonia,-1.483,-77.983,11,19,55.6,369.2
1995,M0008,Puyo,Amazonia,-1.483,-77.983,12,7,42.5,341.3
1995,M0024,Quito,Sierra,-0.166,-78.483,1,10,6.2,14.9
1995,M0024,Quito,Sierra,-0.166,-78.483,2,20,31.8,85.2
1995,M0024,Quito,Sierra,-0.166,-78.483,3,20,28.2,118.7
1995,M0024,Quito,Sierra,-0.166,-78.483,4,7,20.1,158.4
1995,M0024,Quito,Sierra,-0.166,-78.483,6,24,32.5,97.5
1995,M0024,Quito,Sierra,-0.166,-78.483,7,31,10.3,42.5
1995,M0024,Quito,Sierra,-0.166,-78.483,8,12,26.4,83.9
1995,M0024,Quito,Sierra,-0.166,-78.483,9,12,2.9,5.7
1995,M0024,Quito,Sierra,-0.166,-78.483,10,30,33.5,152.7
1995,M0024,Quito,Sierra,-0.166,-78.483,11,20,37.8,232.4
1995,M0024,Quito,Sierra,-0.166,-78.483,12,20,32.8,77.8
1995,M0037,Milagro,Costa,-2.133,-79.583,1,6,119.4,308.1
1995,M0037,Milagro,Costa,-2.133,-79.583,2,17,52.6,203.2
1995,M0037,Milagro,Costa,-2.133,-79.583,3,29,86.5,159.7
1995,M0037,Milagro,Costa,-2.133,-79.583,4,13,46.3,108.0
1995,M0037,Milagro,Costa,-2.133,-79.583,5,25,10.1,15.6
1995,M0037,Milagro,Costa,-2.133,-79.583,7,23,2.5,3.9
1995,M0037,Milagro,Costa,-2.133,-79.583,8,12,0.1,0.1
1995,M0037,Milagro,Costa,-2.133,-79.583,9,13,0.6,0.6
1995,M0037,Milagro,Costa,-2.133,-79.583,10,29,0.2,0.2
1995,M0037,Milagro,Costa,-2.133,-79.583,11,8,1.6,2.1
1995,M0037,Milagro,Costa,-2.133,-79.583,12,28,13.3,17.6
1995,M0105,Otavalo,Sierra,0.233,-78.266,1,9,7.1,12.5
1995,M0105,Otavalo,Sierra,0.233,-78.266,2,5,23.9,45.9
1995,M0105,Otavalo,Sierra,0.233,-78.266,3,24,17.9,71.6
1995,M0105,Otavalo,Sierra,0.233,-78.266,4,13,37.6,125.9
1995,M0105,Otavalo,Sierra,0.233,-78.266,5,5,28.8,100.6
1995,M0105,Otavalo,Sierra,0.233,-78.266,6,5,12.8,50.4
1995,M0105,Otavalo,Sierra,0.233,-78.266,7,26,7.4,47.0
1995,M0105,Otavalo,Sierra,0.233,-78.266,8,10,9.7,39.5
1995,M0105,Otavalo,Sierra,0.233,-78.266,9,14,14.8,24.4
1995,M0105,Otavalo,Sierra,0.233,-78.266,10,8,25.6,108.0
1995,M0143,Malacatos,Sierra,-3.994537,-79.205415,1,31,10.4,10.4
1995,M0143,Malacatos,Sierra,-3.994537,-79.205415,2,21,24.6,81.2
1995,M0143,Malacatos,Sierra,-3.994537,-79.205415,3,20,24.1,118.5
1995,M0143,Malacatos,Sierra,-3.994537,-79.205415,4,15,8.4,8.4
1995,M0143,Malacatos,Sierra,-3.994537,-79.205415,5,8,2.6,2.6
1995,M0143,Malacatos,Sierra,-3.994537,-79.205415,8,30,3.5,3.5
1995,M0143,Malacatos,Sierra,-3.994537,-79.205415,10,15,8.6,8.6
1995,M0143,Malacatos,Sierra,-3.994537,-79.205415,11,19,18.2,62.5
1995,M0143,Malacatos,Sierra,-3.994537,-79.205415,12,13,24.2,38.8
1995,M0176,Naranjal,Costa,-2.666,-79.616,1,12,9.8,58.8
1995,M0176,Naranjal,Costa,-2.666,-79.616,2,25,10.0,50.2
1995,M0176,Naranjal,Costa,-2.666,-79.616,3,7,8.4,30.7
1995,M0176,Naranjal,Costa,-2.666,-79.616,4,8,8.6,12.8
1995,M0176,Naranjal,Costa,-2.666,-79.616,7,5,5.2,11.4
1995,M0176,Naranjal,Costa,-2.666,-79.616,8,25,30.0,35.8
1995,M0176,Naranjal,Costa,-2.666,-79.616,10,25,7.4,17.0
1995,M0176,Naranjal,Costa,-2.666,-79.616,12,29,7.0,11.7
1995,M0185,Machala,Costa,-3.266,-79.95,1,31,59.9,192.6
1995,M0185,Machala,Costa,-3.266,-79.95,2,14,69.8,170.2
1995,M0185,Machala,Costa,-3.266,-79.95,3,20,120.8,306.7
1995,M0185,Machala,Costa,-3.266,-79.95,4,23,11.0,45.6
1995,M0185,Machala,Costa,-3.266,-79.95,5,29,14.9,36.5
1995,M0185,Machala,Costa,-3.266,-79.95,6,15,6.8,20.3
1995,M0185,Machala,Costa,-3.266,-79.95,7,23,12.2,68.7
1995,M0185,Machala,Costa,-3.266,-79.95,8,5,4.2,24.7
1995,M0185,Machala,Costa,-3.266,-79.95,9,27,6.8,42.4
1995,M0185,Machala,Costa,-3.266,-79.95,10,8,7.1,76.5
1995,M0185,Machala,Costa,-3.266,-79.95,11,5,31.8,123.3
1995,M0185,Machala,Costa,-3.266,-79.95,12,27,17.8,66.2
1996,M0007,Nuevo Rocafuerte,Amazonia,-0.916,-75.4,1,25,27.4,163.1
1996,M0007,Nuevo Rocafuerte,Amazonia,-0.916,-75.4,2,1,23.6,164.5
1996,M0007,Nuevo Rocafuerte,Amazonia,-0.916,-75.4,3,31,46.1,227.5
1996,M0007,Nuevo Rocafuerte,Amazonia,-0.916,-75.4,4,18,41.8,152.8
1996,M0007,Nuevo Rocafuerte,Amazonia,-0.916,-75.4,5,2,54.2,297.9
1996,M0007,Nuevo Rocafuerte,Amazonia,-0.916,-75.4,6,29,41.2,365.5
1996,M0007,Nuevo Rocafuerte,Amazonia,-0.916,-75.4,7,29,46.4,306.3
1996,M0007,Nuevo Rocafuerte,Amazonia,-0.916,-75.4,8,6,54.3,226.4
1996,M0007,Nuevo Rocafuerte,Amazonia,-0.916,-75.4,9,10,40.0,164.4
1996,M0007,Nuevo Rocafuerte,Amazonia,-0.916,-75.4,10,22,27.0,151.9
1996,M0007,Nuevo Rocafuerte,Amazonia,-0.916,-75.4,11,30,90.7,224.0
1996,M0007,Nuevo Rocafuerte,Amazonia,-0.916,-75.4,12,14,79.3,256.4
1996,M0007,Nuevo Rocafuerte,Amazonia,-0.916,-75.4,6,7,18.0,4.0
1996,M0007,Nuevo Rocafuerte,Amazonia,-0.916,-75.4,7,6,4.0,4.4
1996,M0007,Nuevo Rocafuerte,Amazonia,-0.916,-75.4,12,7,30.0,5.0
1996,M0008,Puyo,Amazonia,-1.483,-77.983,1,23,61.1,395.9
1996,M0008,Puyo,Amazonia,-1.483,-77.983,2,29,42.8,277.1
1996,M0008,Puyo,Amazonia,-1.483,-77.983,3,12,32.2,274.0
1996,M0008,Puyo,Amazonia,-1.483,-77.983,4,14,60.1,451.1
1996,M0008,Puyo,Amazonia,-1.483,-77.983,5,13,121.8,382.3
1996,M0008,Puyo,Amazonia,-1.483,-77.983,6,2,83.6,490.4
1996,M0008,Puyo,Amazonia,-1.483,-77.983,7,9,49.5,295.8
1996,M0008,Puyo,Amazonia,-1.483,-77.983,8,29,25.9,182.5
1996,M0008,Puyo,Amazonia,-1.483,-77.983,9,28,117.2,386.9
1996,M0008,Puyo,Amazonia,-1.483,-77.983,10,21,101.7,518.1
1996,M0008,Puyo,Amazonia,-1.483,-77.983,11,25,101.3,387.5
1996,M0008,Puyo,Amazonia,-1.483,-77.983,12,9,88.1,308.6
1996,M0008,Puyo,Amazonia,-1.483,-77.983,3,7,12.0,4.3
1996,M0008,Puyo,Amazonia,-1.483,-77.983,7,7,7.0,4.1
1996,M0024,Quito,Sierra,-0.166,-78.483,1,30,20.3,146.5
1996,M0024,Quito,Sierra,-0.166,-78.483,2,4,32.4,138.3
1996,M0024,Quito,Sierra,-0.166,-78.483,3,6,37.6,181.8
1996,M0024,Quito,Sierra,-0.166,-78.483,4,15,29.7,199.4
1996,M0024,Quito,Sierra,-0.166,-78.483,5,23,26.0,189.4
1996,M0024,Quito,Sierra,-0.166,-78.483,6,25,8.9,37.2
1996,M0024,Quito,Sierra,-0.166,-78.483,7,5,9.7,29.0
1996,M0024,Quito,Sierra,-0.166,-78.483,8,31,71.6,83.2
1996,M0024,Quito,Sierra,-0.166,-78.483,9,27,24.5,84.5
1996,M0024,Quito,Sierra,-0.166,-78.483,10,16,39.8,169.4
1996,M0024,Quito,Sierra,-0.166,-78.483,11,28,10.8,14.4
1996,M0024,Quito,Sierra,-0.166,-78.483,12,4,21.3,47.7
1996,M0024,Quito,Sierra,-0.166,-78.483,1,7,2.0,5.5
1996,M0024,Quito,Sierra,-0.166,-78.483,3,7,25.0,5.7
1996,M0024,Quito,Sierra,-0.166,-78.483,8,5,17.0,7.7
1996,M0037,Milagro,Costa,-2.133,-79.583,1,29,21.9,79.5
1996,M0037,Milagro,Costa,-2.133,-79.583,2,27,79.2,355.7
1996,M0037,Milagro,Costa,-2.133,-79.583,3,2,130.5,338.6
1996,M0037,Milagro,Costa,-2.133,-79.583,4,11,23.3,42.0
1996,M0037,Milagro,Costa,-2.133,-79.583,5,14,0.4,0.8
1996,M0037,Milagro,Costa,-2.133,-79.583,6,10,0.1,0.1
1996,M0037,Milagro,Costa,-2.133,-79.583,7,2,0.5,0.5
1996,M0037,Milagro,Costa,-2.133,-79.583,8,1,0.0,0.0
1996,M0037,Milagro,Costa,-2.133,-79.583,9,1,0.1,0.1
1996,M0037,Milagro,Costa,-2.133,-79.583,10,1,0.0,0.0
1996,M0037,Milagro,Costa,-2.133,-79.583,11,24,0.6,1.0
1996,M0037,Milagro,Costa,-2.133,-79.583,12,30,3.7,8.6
1996,M0105,Otavalo,Sierra,0.233,-78.266,1,17,26.0,103.5
1996,M0105,Otavalo,Sierra,0.233,-78.266,2,29,16.5,73.1
1996,M0105,Otavalo,Sierra,0.233,-78.266,3,2,18.3,116.2
1996,M0105,Otavalo,Sierra,0.233,-78.266,4,10,21.3,112.2
1996,M0105,Otavalo,Sierra,0.233,-78.266,5,29,14.9,132.5
1996,M0105,Otavalo,Sierra,0.233,-78.266,6,29,26.0,94.6
1996,M0105,Otavalo,Sierra,0.233,-78.266,7,3,1.4,5.6
1996,M0105,Otavalo,Sierra,0.233,-78.266,8,26,12.5,29.9
1996,M0105,Otavalo,Sierra,0.233,-78.266,9,28,18.2,39.9
1996,M0105,Otavalo,Sierra,0.233,-78.266,10,10,62.4,141.5
1996,M0105,Otavalo,Sierra,0.233,-78.266,11,29,9.2,24.2
1996,M0105,Otavalo,Sierra,0.233,-78.266,12,1,27.2,81.6
1996,M0105,Otavalo,Sierra,0.233,-78.266,7,5,22.0,6.0
1996,M0143,Malacatos,Sierra,-3.994537,-79.205415,1,28,24.1,38.7
1996,M0143,Malacatos,Sierra,-3.994537,-79.205415,2,29,26.1,84.1
1996,M0143,Malacatos,Sierra,-3.994537,-79.205415,3,27,9.1,15.1
1996,M0143,Malacatos,Sierra,-3.994537,-79.205415,4,26,16.4,41.8
1996,M0143,Malacatos,Sierra,-3.994537,-79.205415,5,22,10.0,16.2
1996,M0143,Malacatos,Sierra,-3.994537,-79.205415,6,1,0.0,0.0
1996,M0143,Malacatos,Sierra,-3.994537,-79.205415,7,1,0.0,0.0
1996,M0143,Malacatos,Sierra,-3.994537,-79.205415,8,1,0.0,0.0
1996,M0143,Malacatos,Sierra,-3.994537,-79.205415,9,27,14.1,17.7
1996,M0143,Malacatos,Sierra,-3.994537,-79.205415,10,7,14.6,68.4
1996,M0176,Naranjal,Costa,-2.666,-79.616,1,21,9.4,29.4
1996,M0176,Naranjal,Costa,-2.666,-79.616,2,10,18.3,103.7
1996,M0176,Naranjal,Costa,-2.666,-79.616,3,13,11.8,39.0
1996,M0176,Naranjal,Costa,-2.666,-79.616,4,8,9.6,25.5
1996,M0176,Naranjal,Costa,-2.666,-79.616,5,31,4.7,4.7
1996,M0176,Naranjal,Costa,-2.666,-79.616,6,11,2.6,6.6
1996,M0176,Naranjal,Costa,-2.666,-79.616,7,1,0.0,0.0
1996,M0176,Naranjal,Costa,-2.666,-79.616,8,27,2.6,4.8
1996,M0176,Naranjal,Costa,-2.666,-79.616,9,4,3.7,5.1
1996,M0176,Naranjal,Costa,-2.666,-79.616,10,1,0.0,0.0
1996,M0176,Naranjal,Costa,-2.666,-79.616,11,16,7.5,7.5
1996,M0176,Naranjal,Costa,-2.666,-79.616,12,30,4.4,11.8
1996,M0185,Machala,Costa,-3.266,-79.95,1,15,55.3,189.4
1996,M0185,Machala,Costa,-3.266,-79.95,2,27,79.2,439.1
1996,M0185,Machala,Costa,-3.266,-79.95,3,13,61.5,162.2
1996,M0185,Machala,Costa,-3.266,-79.95,4,11,16.2,29.5
1996,M0185,Machala,Costa,-3.266,-79.95,5,28,6.2,24.3
1996,M0185,Machala,Costa,-3.266,-79.95,6,5,6.2,45.8
1996,M0185,Machala,Costa,-3.266,-79.95,7,24,3.6,34.8
1996,M0185,Machala,Costa,-3.266,-79.95,8,25,4.1,35.1
1996,M0185,Machala,Costa,-3.266,-79.95,9,9,4.5,29.0
1996,M0185,Machala,Costa,-3.266,-79.95,10,2,8.2,49.4
1996,M0185,Machala,Costa,-3.266,-79.95,11,10,8.3,41.7
1996,M0185,Machala,Costa,-3.266,-79.95,12,30,18.4,29.9
1996,M0185,Machala,Costa,-3.266,-79.95,1,8,14.0,5.5
1996,M0185,Machala,Costa,-3.266,-79.95,2,7,4.0,9.5
1996,M0185,Machala,Costa,-3.266,-79.95,3,8,3.0,4.7
1996,M0185,Machala,Costa,-3.266,-79.95,4,7,22.0,6.0
1996,M0185,Machala,Costa,-3.266,-79.95,5,7,1.0,6.0
1996,M0185,Machala,Costa,-3.266,-79.95,7,8,32.4,0.0
1996,M0185,Machala,Costa,-3.266,-79.95,8,7,15.0,4.8
1996,M0185,Machala,Costa,-3.266,-79.95,10,27,3.9,44.2
1996,M0185,Machala,Costa,-3.266,-79.95,11,15,7.5,61.7
1996,M0185,Machala,Costa,-3.266,-79.95,12,19,5.0,95.0
1997,M0007,Nuevo Rocafuerte,Amazonia,-0.916,-75.4,1,10,22.6,31.2
1997,M0007,Nuevo Rocafuerte,Amazonia,-0.916,-75.4,2,6,49.9,264.3
1997,M0007,Nuevo Rocafuerte,Amazonia,-0.916,-75.4,3,18,29.3,194.7
1997,M0007,Nuevo Rocafuerte,Amazonia,-0.916,-75.4,4,9,61.3,252.4
1997,M0007,Nuevo Rocafuerte,Amazonia,-0.916,-75.4,5,29,55.8,340.0
1997,M0007,Nuevo Rocafuerte,Amazonia,-0.916,-75.4,6,15,26.3,180.0
1997,M0007,Nuevo Rocafuerte,Amazonia,-0.916,-75.4,7,22,53.3,242.4
1997,M0007,Nuevo Rocafuerte,Amazonia,-0.916,-75.4,8,28,82.5,459.4
1997,M0007,Nuevo Rocafuerte,Amazonia,-0.916,-75.4,9,26,52.2,252.3
1997,M0007,Nuevo Rocafuerte,Amazonia,-0.916,-75.4,10,8,46.6,173.6
1997,M0007,Nuevo Rocafuerte,Amazonia,-0.916,-75.4,11,2,48.4,164.8
1997,M0007,Nuevo Rocafuerte,Amazonia,-0.916,-75.4,12,3,29.6,201.1
1997,M0008,Puyo,Amazonia,-1.483,-77.983,1,3,65.1,305.0
1997,M0008,Puyo,Amazonia,-1.483,-77.983,2,22,67.4,516.2
1997,M0008,Puyo,Amazonia,-1.483,-77.983,3,21,76.9,393.4
1997,M0008,Puyo,Amazonia,-1.483,-77.983,4,6,78.1,398.6
1997,M0008,Puyo,Amazonia,-1.483,-77.983,5,12,68.5,490.1
1997,M0008,Puyo,Amazonia,-1.483,-77.983,6,30,61.0,307.5
1997,M0008,Puyo,Amazonia,-1.483,-77.983,7,1,36.4,210.4
1997,M0008,Puyo,Amazonia,-1.483,-77.983,8,31,38.0,277.3
1997,M0008,Puyo,Amazonia,-1.483,-77.983,9,22,50.2,380.3
1997,M0008,Puyo,Amazonia,-1.483,-77.983,10,12,35.6,217.7
1997,M0008,Puyo,Amazonia,-1.483,-77.983,11,7,58.6,388.8
1997,M0008,Puyo,Amazonia,-1.483,-77.983,12,13,91.2,293.8
1997,M0024,Quito,Sierra,-0.166,-78.483,1,19,29.6,140.9
1997,M0024,Quito,Sierra,-0.166,-78.483,2,1,2.6,13.2
1997,M0024,Quito,Sierra,-0.166,-78.483,3,16,31.1,167.7
1997,M0024,Quito,Sierra,-0.166,-78.483,4,24,22.8,83.2
1997,M0024,Quito,Sierra,-0.166,-78.483,5,14,15.2,65.9
1997,M0024,Quito,Sierra,-0.166,-78.483,6,13,17.8,58.8
1997,M0024,Quito,Sierra,-0.166,-78.483,7,1,0.0,0.0
1997,M0024,Quito,Sierra,-0.166,-78.483,8,1,0.0,0.0
1997,M0024,Quito,Sierra,-0.166,-78.483,9,22,19.7,108.6
1997,M0024,Quito,Sierra,-0.166,-78.483,10,29,34.0,152.7
1997,M0024,Quito,Sierra,-0.166,-78.483,11,4,26.5,219.2
1997,M0024,Quito,Sierra,-0.166,-78.483,12,1,43.5,120.3
1997,M0024,Quito,Sierra,-0.166,-78.483,1,7,98.7,0.0
1997,M0037,Milagro,Costa,-2.133,-79.583,1,26,71.0,208.6
1997,M0037,Milagro,Costa,-2.133,-79.583,2,24,106.9,487.2
1997,M0037,Milagro,Costa,-2.133,-79.583,3,15,124.0,680.0
1997,M0037,Milagro,Costa,-2.133,-79.583,4,18,92.0,381.5
1997,M0037,Milagro,Costa,-2.133,-79.583,5,9,47.1,99.5
1997,M0037,Milagro,Costa,-2.133,-79.583,6,20,120.8,200.5
1997,M0037,Milagro,Costa,-2.133,-79.583,7,29,112.5,156.3
1997,M0037,Milagro,Costa,-2.133,-79.583,8,21,6.5,31.7
1997,M0037,Milagro,Costa,-2.133,-79.583,9,25,33.3,127.1
1997,M0037,Milagro,Costa,-2.133,-79.583,10,2,9.8,30.5
1997,M0037,Milagro,Costa,-2.133,-79.583,11,23,107.5,551.2
1997,M0037,Milagro,Costa,-2.133,-79.583,12,13,106.4,595.5
1997,M0037,Milagro,Costa,-2.133,-79.583,10,7,107.7,0.0
1997,M0105,Otavalo,Sierra,0.233,-78.266,1,5,28.1,118.6
1997,M0105,Otavalo,Sierra,0.233,-78.266,2,17,7.2,17.8
1997,M0105,Otavalo,Sierra,0.233,-78.266,3,28,46.0,212.0
1997,M0105,Otavalo,Sierra,0.233,-78.266,4,26,17.3,75.9
1997,M0105,Otavalo,Sierra,0.233,-78.266,5,30,16.7,75.8
1997,M0105,Otavalo,Sierra,0.233,-78.266,6,3,25.1,56.9
1997,M0105,Otavalo,Sierra,0.233,-78.266,7,1,0.0,0.0
1997,M0105,Otavalo,Sierra,0.233,-78.266,8,1,0.0,0.0
1997,M0105,Otavalo,Sierra,0.233,-78.266,9,24,45.1,85.5
1997,M0105,Otavalo,Sierra,0.233,-78.266,10,10,9.2,38.5
1997,M0105,Otavalo,Sierra,0.233,-78.266,11,17,18.3,145.8
1997,M0105,Otavalo,Sierra,0.233,-78.266,12,2,19.6,36.9
1997,M0105,Otavalo,Sierra,0.233,-78.266,9,6,9.0,5.0
1997,M0143,Malacatos,Sierra,-3.994537,-79.205415,1,20,12.0,68.1
1997,M0143,Malacatos,Sierra,-3.994537,-79.205415,2,1,4.1,4.1
1997,M0143,Malacatos,Sierra,-3.994537,-79.205415,3,17,15.0,40.0
1997,M0143,Malacatos,Sierra,-3.994537,-79.205415,4,25,27.9,98.6
1997,M0143,Malacatos,Sierra,-3.994537,-79.205415,6,6,4.5,7.1
1997,M0143,Malacatos,Sierra,-3.994537,-79.205415,7,1,0.0,0.0
1997,M0143,Malacatos,Sierra,-3.994537,-79.205415,8,1,0.0,0.0
1997,M0143,Malacatos,Sierra,-3.994537,-79.205415,9,22,10.4,18.8
1997,M0143,Malacatos,Sierra,-3.994537,-79.205415,10,26,19.7,72.1
1997,M0143,Malacatos,Sierra,-3.994537,-79.205415,11,14,16.1,119.6
1997,M0143,Malacatos,Sierra,-3.994537,-79.205415,12,2,10.6,41.6
1997,M0176,Naranjal,Costa,-2.666,-79.616,1,19,15.6,59.5
1997,M0176,Naranjal,Costa,-2.666,-79.616,2,22,13.5,68.3
1997,M0176,Naranjal,Costa,-2.666,-79.616,3,1,19.4,125.6
1997,M0176,Naranjal,Costa,-2.666,-79.616,4,22,21.6,96.2
1997,M0176,Naranjal,Costa,-2.666,-79.616,5,25,9.8,36.1
1997,M0176,Naranjal,Costa,-2.666,-79.616,6,14,9.6,38.0
1997,M0176,Naranjal,Costa,-2.666,-79.616,7,6,9.6,48.3
1997,M0176,Naranjal,Costa,-2.666,-79.616,8,12,9.6,39.7
1997,M0176,Naranjal,Costa,-2.666,-79.616,9,6,29.4,54.5
1997,M0176,Naranjal,Costa,-2.666,-79.616,10,2,19.4,69.5
1997,M0176,Naranjal,Costa,-2.666,-79.616,11,7,18.1,145.7
1997,M0176,Naranjal,Costa,-2.666,-79.616,12,8,19.1,144.5
1997,M0185,Machala,Costa,-3.266,-79.95,1,24,31.7,100.9
1997,M0185,Machala,Costa,-3.266,-79.95,2,4,75.1,217.0
1997,M0185,Machala,Costa,-3.266,-79.95,3,19,118.4,584.2
1997,M0185,Machala,Costa,-3.266,-79.95,5,25,41.5,137.4
1997,M0185,Machala,Costa,-3.266,-79.95,6,15,22.3,75.8
1997,M0185,Machala,Costa,-3.266,-79.95,7,29,27.7,95.1
1997,M0185,Machala,Costa,-3.266,-79.95,8,13,29.9,100.0
1997,M0185,Machala,Costa,-3.266,-79.95,9,6,36.1,150.8
1997,M0185,Machala,Costa,-3.266,-79.95,11,3,67.1,497.4
1997,M0185,Machala,Costa,-3.266,-79.95,12,24,113.4,613.9
1997,M0185,Machala,Costa,-3.266,-79.95,1,7,78.6,0.0
1997,M0185,Machala,Costa,-3.266,-79.95,2,7,66.2,0.0
1997,M0185,Machala,Costa,-3.266,-79.95,3,7,22.0,6.2
1997,M0185,Machala,Costa,-3.266,-79.95,5,29,5.1,92.0
1997,M0185,Machala,Costa,-3.266,-79.95,6,14,5.5,101.0
1997,M0185,Machala,Costa,-3.266,-79.95,7,29,5.5,91.1
1997,M0185,Machala,Costa,-3.266,-79.95,9,7,82.8,0.0
1997,M0185,Machala,Costa,-3.266,-79.95,11,8,11.0,4.3
1997,M0185,Machala,Costa,-3.266,-79.95,12,8,6.0,7.2
1998,M0007,Nuevo Rocafuerte,Amazonia,-0.916,-75.4,1,1,31.3,152.9
1998,M0007,Nuevo Rocafuerte,Amazonia,-0.916,-75.4,2,11,103.5,251.8
1998,M0007,Nuevo Rocafuerte,Amazonia,-0.916,-75.4,3,9,66.1,386.3
1998,M0007,Nuevo Rocafuerte,Amazonia,-0.916,-75.4,4,3,135.0,482.2
1998,M0007,Nuevo Rocafuerte,Amazonia,-0.916,-75.4,5,16,50.4,295.3
1998,M0007,Nuevo Rocafuerte,Amazonia,-0.916,-75.4,6,8,41.8,263.2
1998,M0007,Nuevo Rocafuerte,Amazonia,-0.916,-75.4,7,5,52.5,340.7
1998,M0007,Nuevo Rocafuerte,Amazonia,-0.916,-75.4,8,1,56.3,263.9
1998,M0007,Nuevo Rocafuerte,Amazonia,-0.916,-75.4,9,15,26.7,62.0
1998,M0007,Nuevo Rocafuerte,Amazonia,-0.916,-75.4,10,28,36.3,224.8
1998,M0007,Nuevo Rocafuerte,Amazonia,-0.916,-75.4,11,14,24.9,137.1
1998,M0007,Nuevo Rocafuerte,Amazonia,-0.916,-75.4,12,14,44.4,156.9
1998,M0008,Puyo,Amazonia,-1.483,-77.983,1,28,24.0,181.6
1998,M0008,Puyo,Amazonia,-1.483,-77.983,2,11,44.1,232.8
1998,M0008,Puyo,Amazonia,-1.483,-77.983,3,17,36.2,316.2
1998,M0008,Puyo,Amazonia,-1.483,-77.983,4,18,146.2,727.1
1998,M0008,Puyo,Amazonia,-1.483,-77.983,5,31,108.8,509.8
1998,M0008,Puyo,Amazonia,-1.483,-77.983,6,20,63.6,502.5
1998,M0008,Puyo,Amazonia,-1.483,-77.983,7,28,57.4,334.2
1998,M0008,Puyo,Amazonia,-1.483,-77.983,8,12,37.3,239.3
1998,M0008,Puyo,Amazonia,-1.483,-77.983,9,19,39.0,115.0
1998,M0008,Puyo,Amazonia,-1.483,-77.983,10,2,81.7,456.8
1998,M0008,Puyo,Amazonia,-1.483,-77.983,11,28,44.6,297.0
1998,M0008,Puyo,Amazonia,-1.483,-77.983,12,23,34.2,222.6
1998,M0024,Quito,Sierra,-0.166,-78.483,1,7,21.6,58.1
1998,M0024,Quito,Sierra,-0.166,-78.483,2,14,16.5,86.5
1998,M0024,Quito,Sierra,-0.166,-78.483,3,27,44.4,127.5
1998,M0024,Quito,Sierra,-0.166,-78.483,4,13,60.2,143.9
1998,M0024,Quito,Sierra,-0.166,-78.483,5,3,54.0,193.9
1998,M0024,Quito,Sierra,-0.166,-78.483,6,2,3.4,14.5
1998,M0024,Quito,Sierra,-0.166,-78.483,7,9,10.0,32.2
1998,M0024,Quito,Sierra,-0.166,-78.483,8,7,5.7,18.8
1998,M0024,Quito,Sierra,-0.166,-78.483,9,16,22.9,58.8
1998,M0024,Quito,Sierra,-0.166,-78.483,10,25,14.0,103.6
1998,M0024,Quito,Sierra,-0.166,-78.483,11,4,28.7,138.6
1998,M0024,Quito,Sierra,-0.166,-78.483,12,5,6.1,32.6
1998,M0024,Quito,Sierra,-0.166,-78.483,5,6,18.0,6.1
1998,M0024,Quito,Sierra,-0.166,-78.483,9,5,30.0,6.5
1998,M0024,Quito,Sierra,-0.166,-78.483,10,6,100.8,0.0
1998,M0037,Milagro,Costa,-2.133,-79.583,1,18,115.3,712.7
1998,M0037,Milagro,Costa,-2.133,-79.583,2,26,194.5,846.0
1998,M0037,Milagro,Costa,-2.133,-79.583,3,11,120.7,966.4
1998,M0037,Milagro,Costa,-2.133,-79.583,4,22,110.7,957.3
1998,M0037,Milagro,Costa,-2.133,-79.583,5,18,129.0,517.8
1998,M0037,Milagro,Costa,-2.133,-79.583,6,7,19.4,91.4
1998,M0037,Milagro,Costa,-2.133,-79.583,7,7,27.7,33.8
1998,M0037,Milagro,Costa,-2.133,-79.583,8,1,0.0,0.0
1998,M0037,Milagro,Costa,-2.133,-79.583,9,9,0.5,0.5
1998,M0037,Milagro,Costa,-2.133,-79.583,10,24,0.4,0.4
1998,M0037,Milagro,Costa,-2.133,-79.583,11,18,0.9,0.9
1998,M0037,Milagro,Costa,-2.133,-79.583,12,18,2.8,3.2
1998,M0037,Milagro,Costa,-2.133,-79.583,7,7,7.0,4.6
1998,M0105,Otavalo,Sierra,0.233,-78.266,1,7,4.5,14.4
1998,M0105,Otavalo,Sierra,0.233,-78.266,2,14,18.0,59.8
1998,M0105,Otavalo,Sierra,0.233,-78.266,3,30,36.2,79.0
1998,M0105,Otavalo,Sierra,0.233,-78.266,4,5,17.8,124.6
1998,M0105,Otavalo,Sierra,0.233,-78.266,5,3,29.6,161.0
1998,M0105,Otavalo,Sierra,0.233,-78.266,6,7,7.8,25.3
1998,M0105,Otavalo,Sierra,0.233,-78.266,7,19,8.3,20.3
1998,M0105,Otavalo,Sierra,0.233,-78.266,8,7,15.2,26.7
1998,M0105,Otavalo,Sierra,0.233,-78.266,9,17,13.4,21.3
1998,M0105,Otavalo,Sierra,0.233,-78.266,10,21,13.7,62.1
1998,M0105,Otavalo,Sierra,0.233,-78.266,11,1,22.1,85.6
1998,M0105,Otavalo,Sierra,0.233,-78.266,12,11,12.2,34.3
1998,M0105,Otavalo,Sierra,0.233,-78.266,1,6,3.0,6.0
1998,M0105,Otavalo,Sierra,0.233,-78.266,2,6,14.0,8.0
1998,M0105,Otavalo,Sierra,0.233,-78.266,3,6,28.0,7.0
1998,M0105,Otavalo,Sierra,0.233,-78.266,12,5,22.0,6.0
1998,M0143,Malacatos,Sierra,-3.994537,-79.205415,1,9,12.5,49.7
1998,M0143,Malacatos,Sierra,-3.994537,-79.205415,2,28,32.7,136.4
1998,M0143,Malacatos,Sierra,-3.994537,-79.205415,3,27,32.3,108.6
1998,M0143,Malacatos,Sierra,-3.994537,-79.205415,4,8,19.1,79.2
1998,M0143,Malacatos,Sierra,-3.994537,-79.205415,5,15,10.6,10.6
1998,M0143,Malacatos,Sierra,-3.994537,-79.205415,6,1,0.0,0.0
1998,M0143,Malacatos,Sierra,-3.994537,-79.205415,7,1,0.0,0.0
1998,M0143,Malacatos,Sierra,-3.994537,-79.205415,8,1,0.0,0.0
1998,M0143,Malacatos,Sierra,-3.994537,-79.205415,9,1,0.0,0.0
1998,M0143,Malacatos,Sierra,-3.994537,-79.205415,10,31,18.2,141.1
1998,M0176,Naranjal,Costa,-2.666,-79.616,1,5,18.6,169.2
1998,M0176,Naranjal,Costa,-2.666,-79.616,2,6,17.0,144.0
1998,M0176,Naranjal,Costa,-2.666,-79.616,3,16,18.8,117.7
1998,M0176,Naranjal,Costa,-2.666,-79.616,4,27,20.0,197.8
1998,M0176,Naranjal,Costa,-2.666,-79.616,5,10,19.9,131.9
1998,M0176,Naranjal,Costa,-2.666,-79.616,6,1,10.0,61.6
1998,M0176,Naranjal,Costa,-2.666,-79.616,7,9,4.6,22.4
1998,M0176,Naranjal,Costa,-2.666,-79.616,8,31,6.4,19.7
1998,M0176,Naranjal,Costa,-2.666,-79.616,9,29,2.2,6.6
1998,M0176,Naranjal,Costa,-2.666,-79.616,10,12,2.6,7.2
1998,M0176,Naranjal,Costa,-2.666,-79.616,12,28,6.4,10.6
1998,M0185,Machala,Costa,-3.266,-79.95,1,23,157.9,906.5
1998,M0185,Machala,Costa,-3.266,-79.95,2,3,150.9,739.3
1998,M0185,Machala,Costa,-3.266,-79.95,3,14,86.8,463.1
1998,M0185,Machala,Costa,-3.266,-79.95,4,29,54.2,384.4
1998,M0185,Machala,Costa,-3.266,-79.95,5,30,68.1,351.0
1998,M0185,Machala,Costa,-3.266,-79.95,6,5,54.3,255.5
1998,M0185,Machala,Costa,-3.266,-79.95,7,2,28.2,143.4
1998,M0185,Machala,Costa,-3.266,-79.95,8,31,10.8,69.6
1998,M0185,Machala,Costa,-3.266,-79.95,9,21,7.8,67.5
1998,M0185,Machala,Costa,-3.266,-79.95,10,19,7.8,64.5
1998,M0185,Machala,Costa,-3.266,-79.95,11,3,6.8,30.7
1998,M0185,Machala,Costa,-3.266,-79.95,12,26,4.5,16.2
1998,M0185,Machala,Costa,-3.266,-79.95,2,8,15.0,4.5
1998,M0185,Machala,Costa,-3.266,-79.95,3,8,1.0,5.2
1998,M0185,Machala,Costa,-3.266,-79.95,4,7,5.5,77.7
1998,M0185,Machala,Costa,-3.266,-79.95,5,7,15.0,5.2
1998,M0185,Machala,Costa,-3.266,-79.95,6,8,30.0,5.0
1998,M0185,Machala,Costa,-3.266,-79.95,7,8,17.0,5.1
1998,M0185,Machala,Costa,-3.266,-79.95,8,8,6.0,6.2
1998,M0185,Machala,Costa,-3.266,-79.95,9,8,21.0,7.2
1998,M0185,Machala,Costa,-3.266,-79.95,10,1,5.7,60.5
1998,M0185,Machala,Costa,-3.266,-79.95,11,8,18.0,5.3
1999,M0007,Nuevo Rocafuerte,Amazonia,-0.916,-75.4,1,19,58.1,269.0
1999,M0007,Nuevo Rocafuerte,Amazonia,-0.916,-75.4,2,15,95.5,336.6
1999,M0007,Nuevo Rocafuerte,Amazonia,-0.916,-75.4,3,4,55.4,234.9
1999,M0007,Nuevo Rocafuerte,Amazonia,-0.916,-75.4,4,18,114.2,616.9
1999,M0007,Nuevo Rocafuerte,Amazonia,-0.916,-75.4,5,15,43.3,293.2
1999,M0007,Nuevo Rocafuerte,Amazonia,-0.916,-75.4,6,1,143.9,440.5
1999,M0007,Nuevo Rocafuerte,Amazonia,-0.916,-75.4,7,5,55.8,287.9
1999,M0007,Nuevo Rocafuerte,Amazonia,-0.916,-75.4,8,8,70.3,143.4
1999,M0007,Nuevo Rocafuerte,Amazonia,-0.916,-75.4,9,17,75.3,201.2
1999,M0007,Nuevo Rocafuerte,Amazonia,-0.916,-75.4,10,29,76.6,236.4
1999,M0007,Nuevo Rocafuerte,Amazonia,-0.916,-75.4,11,10,54.8,108.4
1999,M0007,Nuevo Rocafuerte,Amazonia,-0.916,-75.4,12,1,57.0,198.4
1999,M0008,Puyo,Amazonia,-1.483,-77.983,1,15,72.2,476.3
1999,M0008,Puyo,Amazonia,-1.483,-77.983,2,20,40.6,334.8
1999,M0008,Puyo,Amazonia,-1.483,-77.983,3,19,76.2,300.3
1999,M0008,Puyo,Amazonia,-1.483,-77.983,4,18,73.2,496.6
1999,M0008,Puyo,Amazonia,-1.483,-77.983,5,2,50.6,464.0
1999,M0008,Puyo,Amazonia,-1.483,-77.983,6,9,76.2,465.1
1999,M0008,Puyo,Amazonia,-1.483,-77.983,7,20,68.1,347.9
1999,M0008,Puyo,Amazonia,-1.483,-77.983,8,14,58.6,328.2
1999,M0008,Puyo,Amazonia,-1.483,-77.983,9,16,92.5,444.1
1999,M0008,Puyo,Amazonia,-1.483,-77.983,10,4,81.3,379.7
1999,M0008,Puyo,Amazonia,-1.483,-77.983,11,5,78.3,388.9
1999,M0008,Puyo,Amazonia,-1.483,-77.983,12,9,62.3,599.7
1999,M0024,Quito,Sierra,-0.166,-78.483,1,4,24.6,81.6
1999,M0024,Quito,Sierra,-0.166,-78.483,2,25,31.0,237.2
1999,M0024,Quito,Sierra,-0.166,-78.483,3,19,31.8,185.3
1999,M0024,Quito,Sierra,-0.166,-78.483,4,27,35.3,234.1
1999,M0024,Quito,Sierra,-0.166,-78.483,5,10,18.2,70.1
1999,M0024,Quito,Sierra,-0.166,-78.483,6,12,55.5,126.6
1999,M0024,Quito,Sierra,-0.166,-78.483,7,3,21.5,25.1
1999,M0024,Quito,Sierra,-0.166,-78.483,8,26,8.6,24.8
1999,M0024,Quito,Sierra,-0.166,-78.483,9,30,27.5,136.3
1999,M0024,Quito,Sierra,-0.166,-78.483,10,25,16.6,87.1
1999,M0024,Quito,Sierra,-0.166,-78.483,11,19,28.0,101.0
1999,M0024,Quito,Sierra,-0.166,-78.483,12,8,37.0,221.2
1999,M0024,Quito,Sierra,-0.166,-78.483,1,7,82.6,0.0
1999,M0037,Milagro,Costa,-2.133,-79.583,1,2,58.8,113.5
1999,M0037,Milagro,Costa,-2.133,-79.583,4,26,89.5,207.5
1999,M0037,Milagro,Costa,-2.133,-79.583,5,5,26.3,60.3
1999,M0037,Milagro,Costa,-2.133,-79.583,6,3,1.0,2.1
1999,M0037,Milagro,Costa,-2.133,-79.583,7,1,0.0,0.0
1999,M0037,Milagro,Costa,-2.133,-79.583,8,1,0.0,0.0
1999,M0037,Milagro,Costa,-2.133,-79.583,9,23,1.5,2.9
1999,M0037,Milagro,Costa,-2.133,-79.583,10,22,2.2,3.5
1999,M0037,Milagro,Costa,-2.133,-79.583,11,7,2.1,3.8
1999,M0037,Milagro,Costa,-2.133,-79.583,12,10,40.9,82.0
1999,M0105,Otavalo,Sierra,0.233,-78.266,1,6,22.0,110.7
1999,M0105,Otavalo,Sierra,0.233,-78.266,2,15,35.6,211.0
1999,M0105,Otavalo,Sierra,0.233,-78.266,3,3,15.7,80.8
1999,M0105,Otavalo,Sierra,0.233,-78.266,4,28,25.7,146.5
1999,M0105,Otavalo,Sierra,0.233,-78.266,5,4,14.4,74.7
1999,M0105,Otavalo,Sierra,0.233,-78.266,6,12,12.4,86.6
1999,M0105,Otavalo,Sierra,0.233,-78.266,7,22,2.8,5.9
1999,M0105,Otavalo,Sierra,0.233,-78.266,8,31,3.7,12.3
1999,M0105,Otavalo,Sierra,0.233,-78.266,9,26,21.7,100.9
1999,M0105,Otavalo,Sierra,0.233,-78.266,10,3,13.3,66.8
1999,M0105,Otavalo,Sierra,0.233,-78.266,11,2,17.4,73.4
1999,M0105,Otavalo,Sierra,0.233,-78.266,12,22,26.4,151.7
1999,M0105,Otavalo,Sierra,0.233,-78.266,1,7,1.0,5.0
1999,M0105,Otavalo,Sierra,0.233,-78.266,4,7,2.0,4.2
1999,M0105,Otavalo,Sierra,0.233,-78.266,12,7,66.8,0.0
1999,M0176,Naranjal,Costa,-2.666,-79.616,1,22,9.4,28.1
1999,M0176,Naranjal,Costa,-2.666,-79.616,2,11,9.8,86.8
1999,M0176,Naranjal,Costa,-2.666,-79.616,3,5,24.6,137.4
1999,M0176,Naranjal,Costa,-2.666,-79.616,4,3,14.3,102.2
1999,M0176,Naranjal,Costa,-2.666,-79.616,5,2,7.3,37.5
1999,M0176,Naranjal,Costa,-2.666,-79.616,6,4,3.6,8.4
1999,M0176,Naranjal,Costa,-2.666,-79.616,7,22,2.4,3.6
1999,M0176,Naranjal,Costa,-2.666,-79.616,8,17,4.0,9.2
1999,M0176,Naranjal,Costa,-2.666,-79.616,9,15,3.0,3.0
1999,M0176,Naranjal,Costa,-2.666,-79.616,10,13,3.5,9.2
1999,M0176,Naranjal,Costa,-2.666,-79.616,11,15,20.6,42.8
1999,M0176,Naranjal,Costa,-2.666,-79.616,12,18,12.1,64.3
1999,M0185,Machala,Costa,-3.266,-79.95,1,17,7.3,33.5
1999,M0185,Machala,Costa,-3.266,-79.95,2,16,57.8,311.7
1999,M0185,Machala,Costa,-3.266,-79.95,3,14,77.5,338.2
1999,M0185,Machala,Costa,-3.266,-79.95,4,4,24.4,73.0
1999,M0185,Machala,Costa,-3.266,-79.95,5,25,13.7,112.0
1999,M0185,Machala,Costa,-3.266,-79.95,6,12,5.1,46.8
1999,M0185,Machala,Costa,-3.266,-79.95,7,18,5.8,64.0
1999,M0185,Machala,Costa,-3.266,-79.95,8,4,3.4,32.5
1999,M0185,Machala,Costa,-3.266,-79.95,9,27,8.5,50.4
1999,M0185,Machala,Costa,-3.266,-79.95,10,13,9.4,86.8
1999,M0185,Machala,Costa,-3.266,-79.95,11,15,10.5,49.6
1999,M0185,Machala,Costa,-3.266,-79.95,12,22,32.5,142.4
1999,M0185,Machala,Costa,-3.266,-79.95,1,8,20.0,5.0
1999,M0185,Machala,Costa,-3.266,-79.95,2,8,1.0,5.5
1999,M0185,Machala,Costa,-3.266,-79.95,4,7,28.0,4.5
1999,M0185,Machala,Costa,-3.266,-79.95,5,8,28.0,3.6
1999,M0185,Machala,Costa,-3.266,-79.95,12,8,78.7,0.0
2000,M0007,Nuevo Rocafuerte,Amazonia,-0.916,-75.4,1,18,15.7,52.0
2000,M0007,Nuevo Rocafuerte,Amazonia,-0.916,-75.4,2,29,59.4,130.6
2000,M0007,Nuevo Rocafuerte,Amazonia,-0.916,-75.4,3,29,36.8,181.5
2000,M0007,Nuevo Rocafuerte,Amazonia,-0.916,-75.4,4,16,31.4,313.0
2000,M0007,Nuevo Rocafuerte,Amazonia,-0.916,-75.4,5,27,89.1,520.1
2000,M0007,Nuevo Rocafuerte,Amazonia,-0.916,-75.4,6,21,90.3,352.2
2000,M0007,Nuevo Rocafuerte,Amazonia,-0.916,-75.4,7,24,59.4,393.5
2000,M0007,Nuevo Rocafuerte,Amazonia,-0.916,-75.4,8,7,73.5,337.1
2000,M0007,Nuevo Rocafuerte,Amazonia,-0.916,-75.4,9,20,41.9,228.5
2000,M0007,Nuevo Rocafuerte,Amazonia,-0.916,-75.4,10,18,28.3,147.3
2000,M0007,Nuevo Rocafuerte,Amazonia,-0.916,-75.4,11,23,36.0,108.4
2000,M0007,Nuevo Rocafuerte,Amazonia,-0.916,-75.4,12,9,43.6,192.7
2000,M0007,Nuevo Rocafuerte,Amazonia,-0.916,-75.4,5,7,60.5,0.0
2000,M0008,Puyo,Amazonia,-1.483,-77.983,1,17,68.7,333.1
2000,M0008,Puyo,Amazonia,-1.483,-77.983,2,17,51.8,250.5
2000,M0008,Puyo,Amazonia,-1.483,-77.983,3,12,31.5,324.5
2000,M0008,Puyo,Amazonia,-1.483,-77.983,4,15,60.9,497.4
2000,M0008,Puyo,Amazonia,-1.483,-77.983,5,9,130.0,782.3
2000,M0008,Puyo,Amazonia,-1.483,-77.983,6,10,61.4,634.8
2000,M0008,Puyo,Amazonia,-1.483,-77.983,7,20,54.6,442.4
2000,M0008,Puyo,Amazonia,-1.483,-77.983,8,3,86.7,353.6
2000,M0008,Puyo,Amazonia,-1.483,-77.983,9,3,56.2,277.5
2000,M0008,Puyo,Amazonia,-1.483,-77.983,10,29,66.8,328.7
2000,M0008,Puyo,Amazonia,-1.483,-77.983,11,7,61.0,362.2
2000,M0008,Puyo,Amazonia,-1.483,-77.983,12,16,54.8,294.0
2000,M0024,Quito,Sierra,-0.166,-78.483,1,16,33.5,177.3
2000,M0024,Quito,Sierra,-0.166,-78.483,2,24,37.4,165.8
2000,M0024,Quito,Sierra,-0.166,-78.483,3,22,32.5,149.5
2000,M0024,Quito,Sierra,-0.166,-78.483,4,15,26.2,187.6
2000,M0024,Quito,Sierra,-0.166,-78.483,6,16,24.7,66.4
2000,M0024,Quito,Sierra,-0.166,-78.483,7,20,13.5,22.1
2000,M0024,Quito,Sierra,-0.166,-78.483,8,9,6.8,9.7
2000,M0024,Quito,Sierra,-0.166,-78.483,9,3,17.0,67.3
2000,M0024,Quito,Sierra,-0.166,-78.483,10,27,10.3,43.8
2000,M0024,Quito,Sierra,-0.166,-78.483,11,22,8.0,16.7
2000,M0024,Quito,Sierra,-0.166,-78.483,12,27,17.6,76.1
2000,M0024,Quito,Sierra,-0.166,-78.483,6,5,81.0,0.0
2000,M0024,Quito,Sierra,-0.166,-78.483,8,4,125.2,0.0
2000,M0037,Milagro,Costa,-2.133,-79.583,1,26,36.4,110.1
2000,M0037,Milagro,Costa,-2.133,-79.583,2,15,43.6,221.4
2000,M0037,Milagro,Costa,-2.133,-79.583,3,7,111.8,284.9
2000,M0037,Milagro,Costa,-2.133,-79.583,4,18,33.8,164.1
2000,M0037,Milagro,Costa,-2.133,-79.583,5,8,60.3,134.1
2000,M0037,Milagro,Costa,-2.133,-79.583,6,16,4.8,5.9
2000,M0037,Milagro,Costa,-2.133,-79.583,7,1,0.0,0.0
2000,M0037,Milagro,Costa,-2.133,-79.583,8,1,0.0,0.0
2000,M0037,Milagro,Costa,-2.133,-79.583,9,3,2.3,3.5
2000,M0037,Milagro,Costa,-2.133,-79.583,10,31,2.0,2.0
2000,M0037,Milagro,Costa,-2.133,-79.583,11,25,0.1,0.1
2000,M0037,Milagro,Costa,-2.133,-79.583,12,29,2.8,4.0
2000,M0105,Otavalo,Sierra,0.233,-78.266,1,17,18.5,116.1
2000,M0105,Otavalo,Sierra,0.233,-78.266,2,28,22.1,128.9
2000,M0105,Otavalo,Sierra,0.233,-78.266,3,13,43.9,168.2
2000,M0105,Otavalo,Sierra,0.233,-78.266,4,11,23.4,171.9
2000,M0105,Otavalo,Sierra,0.233,-78.266,5,20,40.0,215.5
2000,M0105,Otavalo,Sierra,0.233,-78.266,6,16,34.7,76.2
2000,M0105,Otavalo,Sierra,0.233,-78.266,7,6,17.9,23.4
2000,M0105,Otavalo,Sierra,0.233,-78.266,8,25,2.7,7.8
2000,M0105,Otavalo,Sierra,0.233,-78.266,9,3,12.4,57.3
2000,M0105,Otavalo,Sierra,0.233,-78.266,10,27,30.2,46.3
2000,M0105,Otavalo,Sierra,0.233,-78.266,11,1,24.3,42.4
2000,M0105,Otavalo,Sierra,0.233,-78.266,12,30,14.5,59.1
2000,M0105,Otavalo,Sierra,0.233,-78.266,7,5,17.0,4.0
2000,M0105,Otavalo,Sierra,0.233,-78.266,11,5,21.0,6.0
2000,M0105,Otavalo,Sierra,0.233,-78.266,12,5,5.0,6.3
2000,M0176,Naranjal,Costa,-2.666,-79.616,1,15,9.9,26.7
2000,M0176,Naranjal,Costa,-2.666,-79.616,2,15,9.7,38.1
2000,M0176,Naranjal,Costa,-2.666,-79.616,3,16,13.7,60.0
2000,M0176,Naranjal,Costa,-2.666,-79.616,7,29,5.0,12.6
2000,M0176,Naranjal,Costa,-2.666,-79.616,8,31,2.4,6.6
2000,M0176,Naranjal,Costa,-2.666,-79.616,9,18,7.0,11.4
2000,M0176,Naranjal,Costa,-2.666,-79.616,10,27,4.4,13.8
2000,M0176,Naranjal,Costa,-2.666,-79.616,11,3,2.2,2.2
2000,M0176,Naranjal,Costa,-2.666,-79.616,12,12,3.2,7.6
2000,M0185,Machala,Costa,-3.266,-79.95,1,26,30.3,148.0
2000,M0185,Machala,Costa,-3.266,-79.95,2,18,41.2,168.0
2000,M0185,Machala,Costa,-3.266,-79.95,3,11,42.2,194.0
2000,M0185,Machala,Costa,-3.266,-79.95,4,3,52.2,129.8
2000,M0185,Machala,Costa,-3.266,-79.95,5,13,33.3,130.9
2000,M0185,Machala,Costa,-3.266,-79.95,6,16,6.8,54.8
2000,M0185,Machala,Costa,-3.266,-79.95,7,23,6.2,57.0
2000,M0185,Machala,Costa,-3.266,-79.95,8,27,4.8,40.8
2001,M0007,Nuevo Rocafuerte,Amazonia,-0.916,-75.4,1,18,18.9,108.1
2001,M0007,Nuevo Rocafuerte,Amazonia,-0.916,-75.4,2,19,30.5,146.1
2001,M0007,Nuevo Rocafuerte,Amazonia,-0.916,-75.4,3,24,52.5,294.2
2001,M0007,Nuevo Rocafuerte,Amazonia,-0.916,-75.4,5,13,42.8,202.3
2001,M0007,Nuevo Rocafuerte,Amazonia,-0.916,-75.4,7,28,39.8,194.1
2001,M0007,Nuevo Rocafuerte,Amazonia,-0.916,-75.4,9,20,35.4,121.6
2001,M0007,Nuevo Rocafuerte,Amazonia,-0.916,-75.4,10,13,30.6,120.9
2001,M0007,Nuevo Rocafuerte,Amazonia,-0.916,-75.4,11,28,46.7,177.6
2001,M0007,Nuevo Rocafuerte,Amazonia,-0.916,-75.4,12,24,94.1,443.1
2001,M0007,Nuevo Rocafuerte,Amazonia,-0.916,-75.4,4,6,66.7,0.0
2001,M0007,Nuevo Rocafuerte,Amazonia,-0.916,-75.4,6,7,39.6,0.0
2001,M0007,Nuevo Rocafuerte,Amazonia,-0.916,-75.4,7,7,49.8,0.0
2001,M0007,Nuevo Rocafuerte,Amazonia,-0.916,-75.4,8,7,71.6,0.0
2001,M0008,Puyo,Amazonia,-1.483,-77.983,1,23,59.1,257.8
2001,M0008,Puyo,Amazonia,-1.483,-77.983,2,22,93.1,400.5
2001,M0008,Puyo,Amazonia,-1.483,-77.983,3,15,31.5,242.6
2001,M0008,Puyo,Amazonia,-1.483,-77.983,4,6,44.1,489.4
2001,M0008,Puyo,Amazonia,-1.483,-77.983,5,14,77.9,426.2
2001,M0008,Puyo,Amazonia,-1.483,-77.983,6,3,83.8,495.7
2001,M0008,Puyo,Amazonia,-1.483,-77.983,7,27,90.2,449.3
2001,M0008,Puyo,Amazonia,-1.483,-77.983,8,20,68.3,227.0
2001,M0008,Puyo,Amazonia,-1.483,-77.983,9,20,58.9,385.7
2001,M0008,Puyo,Amazonia,-1.483,-77.983,10,17,133.6,584.5
2001,M0008,Puyo,Amazonia,-1.483,-77.983,11,10,29.7,208.8
2001,M0008,Puyo,Amazonia,-1.483,-77.983,12,3,57.0,453.8
2001,M0008,Puyo,Amazonia,-1.483,-77.983,4,7,50.0,0.0
2001,M0008,Puyo,Amazonia,-1.483,-77.983,5,6,68.6,0.0
2001,M0024,Quito,Sierra,-0.166,-78.483,1,10,22.9,84.1
2001,M0024,Quito,Sierra,-0.166,-78.483,2,21,17.7,63.9
2001,M0024,Quito,Sierra,-0.166,-78.483,5,15,26.7,88.8
2001,M0024,Quito,Sierra,-0.166,-78.483,6,3,4.9,8.5
2001,M0024,Quito,Sierra,-0.166,-78.483,7,26,14.8,35.0
2001,M0024,Quito,Sierra,-0.166,-78.483,8,1,0.0,0.0
2001,M0024,Quito,Sierra,-0.166,-78.483,9,8,30.0,94.6
2001,M0024,Quito,Sierra,-0.166,-78.483,10,24,5.1,9.3
2001,M0024,Quito,Sierra,-0.166,-78.483,11,25,27.2,113.6
2001,M0024,Quito,Sierra,-0.166,-78.483,12,12,52.9,118.1
2001,M0024,Quito,Sierra,-0.166,-78.483,3,7,80.1,0.0
2001,M0024,Quito,Sierra,-0.166,-78.483,4,6,92.4,0.0
2001,M0024,Quito,Sierra,-0.166,-78.483,5,6,5.0,6.2
2001,M0024,Quito,Sierra,-0.166,-78.483,6,4,15.0,6.3
2001,M0024,Quito,Sierra,-0.166,-78.483,11,6,97.6,0.0
2001,M0037,Milagro,Costa,-2.133,-79.583,1,24,112.5,376.0
2001,M0037,Milagro,Costa,-2.133,-79.583,2,24,169.0,386.6
2001,M0037,Milagro,Costa,-2.133,-79.583,3,17,158.6,748.4
2001,M0037,Milagro,Costa,-2.133,-79.583,4,16,46.9,179.5
2001,M0037,Milagro,Costa,-2.133,-79.583,5,8,4.4,16.7
2001,M0037,Milagro,Costa,-2.133,-79.583,6,1,0.0,0.0
2001,M0037,Milagro,Costa,-2.133,-79.583,8,1,0.0,0.0
2001,M0037,Milagro,Costa,-2.133,-79.583,9,1,0.0,0.0
2001,M0037,Milagro,Costa,-2.133,-79.583,10,23,0.1,0.1
2001,M0037,Milagro,Costa,-2.133,-79.583,11,1,0.0,0.0
2001,M0037,Milagro,Costa,-2.133,-79.583,12,18,0.4,0.7
2001,M0037,Milagro,Costa,-2.133,-79.583,3,6,109.5,0.0
2001,M0105,Otavalo,Sierra,0.233,-78.266,1,10,16.8,72.7
2001,M0105,Otavalo,Sierra,0.233,-78.266,3,14,30.5,149.3
2001,M0105,Otavalo,Sierra,0.233,-78.266,4,7,6.0,16.2
2001,M0105,Otavalo,Sierra,0.233,-78.266,5,25,28.1,91.7
2001,M0105,Otavalo,Sierra,0.233,-78.266,6,2,3.8,6.4
2001,M0105,Otavalo,Sierra,0.233,-78.266,9,18,30.0,91.1
2001,M0105,Otavalo,Sierra,0.233,-78.266,12,31,5.3,38.9
2001,M0105,Otavalo,Sierra,0.233,-78.266,2,6,80.1,0.0
2001,M0105,Otavalo,Sierra,0.233,-78.266,8,4,117.0,0.0
2001,M0143,Malacatos,Sierra,-3.994537,-79.205415,1,19,24.4,68.8
2001,M0143,Malacatos,Sierra,-3.994537,-79.205415,2,18,21.4,47.6
2001,M0143,Malacatos,Sierra,-3.994537,-79.205415,3,7,32.4,93.9
2001,M0143,Malacatos,Sierra,-3.994537,-79.205415,4,24,26.6,57.3
2001,M0143,Malacatos,Sierra,-3.994537,-79.205415,7,18,3.0,5.8
2001,M0143,Malacatos,Sierra,-3.994537,-79.205415,8,1,0.0,0.0
2001,M0143,Malacatos,Sierra,-3.994537,-79.205415,9,1,0.0,0.0
2001,M0143,Malacatos,Sierra,-3.994537,-79.205415,10,27,37.6,72.2
2001,M0143,Malacatos,Sierra,-3.994537,-79.205415,11,12,19.8,19.8
2001,M0143,Malacatos,Sierra,-3.994537,-79.205415,12,17,18.2,129.4
2001,M0176,Naranjal,Costa,-2.666,-79.616,1,18,16.8,65.1
2001,M0176,Naranjal,Costa,-2.666,-79.616,3,22,17.4,115.6
2001,M0176,Naranjal,Costa,-2.666,-79.616,4,14,12.8,98.2
2001,M0176,Naranjal,Costa,-2.666,-79.616,5,17,5.4,5.4
2001,M0176,Naranjal,Costa,-2.666,-79.616,6,2,3.0,7.5
2001,M0176,Naranjal,Costa,-2.666,-79.616,7,31,4.4,7.8
2001,M0176,Naranjal,Costa,-2.666,-79.616,8,1,0.0,0.0
2001,M0176,Naranjal,Costa,-2.666,-79.616,9,30,3.0,3.0
2001,M0176,Naranjal,Costa,-2.666,-79.616,10,10,4.5,18.5
2001,M0176,Naranjal,Costa,-2.666,-79.616,11,11,8.0,19.9
2001,M0176,Naranjal,Costa,-2.666,-79.616,12,7,5.3,8.7
2002,M0007,Nuevo Rocafuerte,Amazonia,-0.916,-75.4,1,29,23.1,102.5
2002,M0007,Nuevo Rocafuerte,Amazonia,-0.916,-75.4,2,5,56.9,310.5
2002,M0007,Nuevo Rocafuerte,Amazonia,-0.916,-75.4,3,12,64.4,267.5
2002,M0007,Nuevo Rocafuerte,Amazonia,-0.916,-75.4,4,1,66.5,333.2
2002,M0007,Nuevo Rocafuerte,Amazonia,-0.916,-75.4,5,5,61.2,378.7
2002,M0007,Nuevo Rocafuerte,Amazonia,-0.916,-75.4,6,10,66.7,300.4
2002,M0007,Nuevo Rocafuerte,Amazonia,-0.916,-75.4,7,4,61.1,446.5
2002,M0007,Nuevo Rocafuerte,Amazonia,-0.916,-75.4,8,22,86.2,241.3
2002,M0007,Nuevo Rocafuerte,Amazonia,-0.916,-75.4,9,26,67.6,193.6
2002,M0007,Nuevo Rocafuerte,Amazonia,-0.916,-75.4,10,26,39.7,217.3
2002,M0007,Nuevo Rocafuerte,Amazonia,-0.916,-75.4,11,6,43.0,209.8
2002,M0007,Nuevo Rocafuerte,Amazonia,-0.916,-75.4,12,1,27.7,156.9
2002,M0007,Nuevo Rocafuerte,Amazonia,-0.916,-75.4,11,7,59.3,0.0
2002,M0008,Puyo,Amazonia,-1.483,-77.983,1,10,58.4,319.2
2002,M0008,Puyo,Amazonia,-1.483,-77.983,2,7,49.3,367.2
2002,M0008,Puyo,Amazonia,-1.483,-77.983,3,7,59.8,443.5
2002,M0008,Puyo,Amazonia,-1.483,-77.983,4,13,61.1,494.6
2002,M0008,Puyo,Amazonia,-1.483,-77.983,6,2,87.2,392.2
2002,M0008,Puyo,Amazonia,-1.483,-77.983,7,11,85.9,624.8
2002,M0008,Puyo,Amazonia,-1.483,-77.983,8,1,69.8,335.4
2002,M0008,Puyo,Amazonia,-1.483,-77.983,9,1,60.7,269.7
2002,M0008,Puyo,Amazonia,-1.483,-77.983,10,24,77.0,388.3
2002,M0008,Puyo,Amazonia,-1.483,-77.983,11,5,68.1,330.0
2002,M0008,Puyo,Amazonia,-1.483,-77.983,12,9,59.8,375.8
2002,M0008,Puyo,Amazonia,-1.483,-77.983,7,7,49.7,0.0
2002,M0024,Quito,Sierra,-0.166,-78.483,1,8,16.0,36.6
2002,M0024,Quito,Sierra,-0.166,-78.483,2,27,31.6,59.1
2002,M0024,Quito,Sierra,-0.166,-78.483,3,27,14.9,123.1
2002,M0024,Quito,Sierra,-0.166,-78.483,4,7,50.6,256.6
2002,M0024,Quito,Sierra,-0.166,-78.483,5,21,38.4,133.1
2002,M0024,Quito,Sierra,-0.166,-78.483,6,2,10.8,37.3
2002,M0024,Quito,Sierra,-0.166,-78.483,7,19,4.9,8.2
2002,M0024,Quito,Sierra,-0.166,-78.483,8,31,5.0,9.8
2002,M0024,Quito,Sierra,-0.166,-78.483,9,25,11.4,19.2
2002,M0024,Quito,Sierra,-0.166,-78.483,10,24,38.2,144.6
2002,M0024,Quito,Sierra,-0.166,-78.483,11,2,23.3,95.0
2002,M0024,Quito,Sierra,-0.166,-78.483,9,5,131.5,0.0
2002,M0024,Quito,Sierra,-0.166,-78.483,12,6,94.9,0.0
2002,M0037,Milagro,Costa,-2.133,-79.583,1,17,30.5,57.1
2002,M0037,Milagro,Costa,-2.133,-79.583,2,27,178.0,590.2
2002,M0037,Milagro,Costa,-2.133,-79.583,3,19,111.4,594.0
2002,M0037,Milagro,Costa,-2.133,-79.583,4,23,56.7,278.8
2002,M0037,Milagro,Costa,-2.133,-79.583,5,16,3.0,6.5
2002,M0037,Milagro,Costa,-2.133,-79.583,6,10,5.1,5.8
2002,M0037,Milagro,Costa,-2.133,-79.583,7,1,0.0,0.0
2002,M0037,Milagro,Costa,-2.133,-79.583,8,1,0.0,0.0
2002,M0037,Milagro,Costa,-2.133,-79.583,9,1,0.0,0.0
2002,M0037,Milagro,Costa,-2.133,-79.583,10,20,3.3,5.3
2002,M0037,Milagro,Costa,-2.133,-79.583,11,1,0.0,0.0
2002,M0037,Milagro,Costa,-2.133,-79.583,12,26,14.3,55.9
2002,M0037,Milagro,Costa,-2.133,-79.583,8,6,19.0,5.1
2002,M0105,Otavalo,Sierra,0.233,-78.266,1,8,9.5,43.7
2002,M0105,Otavalo,Sierra,0.233,-78.266,2,27,23.9,34.9
2002,M0105,Otavalo,Sierra,0.233,-78.266,3,21,20.8,54.6
2002,M0105,Otavalo,Sierra,0.233,-78.266,4,7,36.2,148.4
2002,M0105,Otavalo,Sierra,0.233,-78.266,5,21,9.5,39.0
2002,M0105,Otavalo,Sierra,0.233,-78.266,6,5,14.5,51.8
2002,M0105,Otavalo,Sierra,0.233,-78.266,7,23,1.0,2.7
2002,M0105,Otavalo,Sierra,0.233,-78.266,9,26,12.5,29.3
2002,M0105,Otavalo,Sierra,0.233,-78.266,10,29,37.8,163.6
2002,M0105,Otavalo,Sierra,0.233,-78.266,11,6,17.4,83.9
2002,M0105,Otavalo,Sierra,0.233,-78.266,12,5,35.3,95.0
2002,M0105,Otavalo,Sierra,0.233,-78.266,5,6,14.0,5.0
2002,M0105,Otavalo,Sierra,0.233,-78.266,7,5,1.0,5.0
2002,M0105,Otavalo,Sierra,0.233,-78.266,8,4,130.4,0.0
2002,M0143,Malacatos,Sierra,-3.994537,-79.205415,1,28,20.8,44.4
2002,M0143,Malacatos,Sierra,-3.994537,-79.205415,2,17,18.2,59.1
2002,M0143,Malacatos,Sierra,-3.994537,-79.205415,3,5,16.6,34.0
2002,M0143,Malacatos,Sierra,-3.994537,-79.205415,4,24,29.4,154.6
2002,M0143,Malacatos,Sierra,-3.994537,-79.205415,5,21,4.1,4.5
2002,M0143,Malacatos,Sierra,-3.994537,-79.205415,6,1,0.0,0.0
2002,M0143,Malacatos,Sierra,-3.994537,-79.205415,11,12,19.8,28.2
2002,M0143,Malacatos,Sierra,-3.994537,-79.205415,12,17,22.3,127.3
2002,M0176,Naranjal,Costa,-2.666,-79.616,1,31,9.8,56.4
2002,M0176,Naranjal,Costa,-2.666,-79.616,2,4,19.5,153.6
2002,M0176,Naranjal,Costa,-2.666,-79.616,3,3,18.8,126.9
2002,M0176,Naranjal,Costa,-2.666,-79.616,4,26,16.4,111.6
2002,M0176,Naranjal,Costa,-2.666,-79.616,5,5,1.0,1.0
2002,M0176,Naranjal,Costa,-2.666,-79.616,6,5,9.6,13.6
2002,M0176,Naranjal,Costa,-2.666,-79.616,7,8,4.4,13.6
2002,M0176,Naranjal,Costa,-2.666,-79.616,8,11,4.0,9.5
2002,M0176,Naranjal,Costa,-2.666,-79.616,9,27,25.2,31.5
2002,M0176,Naranjal,Costa,-2.666,-79.616,10,26,4.0,21.5
2002,M0176,Naranjal,Costa,-2.666,-79.616,11,14,5.4,21.2
2002,M0176,Naranjal,Costa,-2.666,-79.616,12,5,4.7,35.7
2002,M1208,La Teodomira,Costa,-1.162778,-80.395833,6,12,9.6,9.6
2002,M1208,La Teodomira,Costa,-1.162778,-80.395833,7,8,2.6,5.1
2002,M1208,La Teodomira,Costa,-1.162778,-80.395833,8,5,0.7,0.7
2002,M1208,La Teodomira,Costa,-1.162778,-80.395833,9,30,0.3,0.3
2002,M1208,La Teodomira,Costa,-1.162778,-80.395833,10,10,1.5,2.6
2002,M1208,La Teodomira,Costa,-1.162778,-80.395833,11,17,6.5,7.0
2002,M1208,La Teodomira,Costa,-1.162778,-80.395833,12,5,14.3,49.9
2002,M1208,La Teodomira,Costa,-1.162778,-80.395833,5,7,120.2,0.0
2002,M1208,La Teodomira,Costa,-1.162778,-80.395833,6,7,4.0,9.5
2002,M1208,La Teodomira,Costa,-1.162778,-80.395833,9,7,171.5,0.0
2002,M1208,La Teodomira,Costa,-1.162778,-80.395833,10,7,20.0,9.6
2002,M1208,La Teodomira,Costa,-1.162778,-80.395833,12,7,2.0,8.0
2003,M0007,Nuevo Rocafuerte,Amazonia,-0.916,-75.4,1,10,33.6,81.9
2003,M0007,Nuevo Rocafuerte,Amazonia,-0.916,-75.4,2,9,44.2,235.0
2003,M0007,Nuevo Rocafuerte,Amazonia,-0.916,-75.4,3,5,98.9,311.0
2003,M0007,Nuevo Rocafuerte,Amazonia,-0.916,-75.4,4,7,60.8,289.6
2003,M0007,Nuevo Rocafuerte,Amazonia,-0.916,-75.4,5,11,94.2,462.0
2003,M0007,Nuevo Rocafuerte,Amazonia,-0.916,-75.4,6,8,73.7,423.9
2003,M0007,Nuevo Rocafuerte,Amazonia,-0.916,-75.4,8,16,23.7,148.4
2003,M0007,Nuevo Rocafuerte,Amazonia,-0.916,-75.4,9,17,32.7,119.7
2003,M0007,Nuevo Rocafuerte,Amazonia,-0.916,-75.4,10,13,65.3,315.5
2003,M0007,Nuevo Rocafuerte,Amazonia,-0.916,-75.4,11,11,69.8,178.8
2003,M0007,Nuevo Rocafuerte,Amazonia,-0.916,-75.4,12,1,42.7,221.0
2003,M0007,Nuevo Rocafuerte,Amazonia,-0.916,-75.4,7,7,60.3,0.0
2003,M0008,Puyo,Amazonia,-1.483,-77.983,1,20,127.3,346.9
2003,M0008,Puyo,Amazonia,-1.483,-77.983,2,27,105.1,280.7
2003,M0008,Puyo,Amazonia,-1.483,-77.983,3,27,82.9,371.0
2003,M0008,Puyo,Amazonia,-1.483,-77.983,4,16,116.3,562.1
2003,M0008,Puyo,Amazonia,-1.483,-77.983,5,5,80.7,529.7
2003,M0008,Puyo,Amazonia,-1.483,-77.983,6,19,78.5,454.7
2003,M0008,Puyo,Amazonia,-1.483,-77.983,7,10,44.1,363.4
2003,M0008,Puyo,Amazonia,-1.483,-77.983,8,9,57.8,230.3
2003,M0008,Puyo,Amazonia,-1.483,-77.983,9,10,57.5,335.7
2003,M0008,Puyo,Amazonia,-1.483,-77.983,10,8,83.7,275.3
2003,M0008,Puyo,Amazonia,-1.483,-77.983,11,11,68.7,398.1
2003,M0008,Puyo,Amazonia,-1.483,-77.983,12,25,92.1,461.8
2003,M0008,Puyo,Amazonia,-1.483,-77.983,7,7,61.6,0.0
2003,M0024,Quito,Sierra,-0.166,-78.483,2,27,23.8,79.1
2003,M0024,Quito,Sierra,-0.166,-78.483,3,26,18.7,100.9
2003,M0024,Quito,Sierra,-0.166,-78.483,4,12,45.7,244.6
2003,M0024,Quito,Sierra,-0.166,-78.483,5,8,12.0,28.7
2003,M0024,Quito,Sierra,-0.166,-78.483,6,16,16.4,54.1
2003,M0024,Quito,Sierra,-0.166,-78.483,7,2,7.9,15.7
2003,M0024,Quito,Sierra,-0.166,-78.483,9,30,25.6,67.8
2003,M0024,Quito,Sierra,-0.166,-78.483,10,13,14.2,117.7
2003,M0024,Quito,Sierra,-0.166,-78.483,11,11,44.6,159.4
2003,M0024,Quito,Sierra,-0.166,-78.483,12,25,44.9,103.2
2003,M0024,Quito,Sierra,-0.166,-78.483,1,5,125.1,0.0
2003,M0024,Quito,Sierra,-0.166,-78.483,3,6,9.0,6.2
2003,M0024,Quito,Sierra,-0.166,-78.483,12,6,96.5,0.0
2003,M0037,Milagro,Costa,-2.133,-79.583,1,18,45.2,115.2
2003,M0037,Milagro,Costa,-2.133,-79.583,2,26,113.9,337.0
2003,M0037,Milagro,Costa,-2.133,-79.583,3,15,102.0,173.1
2003,M0037,Milagro,Costa,-2.133,-79.583,4,11,33.4,90.7
2003,M0037,Milagro,Costa,-2.133,-79.583,5,4,50.0,51.9
2003,M0037,Milagro,Costa,-2.133,-79.583,6,18,0.5,0.8
2003,M0037,Milagro,Costa,-2.133,-79.583,7,4,0.4,0.4
2003,M0037,Milagro,Costa,-2.133,-79.583,8,1,0.0,0.0
2003,M0037,Milagro,Costa,-2.133,-79.583,9,1,0.0,0.0
2003,M0037,Milagro,Costa,-2.133,-79.583,10,23,1.0,1.3
2003,M0037,Milagro,Costa,-2.133,-79.583,11,1,0.0,0.0
2003,M0037,Milagro,Costa,-2.133,-79.583,12,25,19.8,28.2
2003,M0037,Milagro,Costa,-2.133,-79.583,4,8,3.0,7.0
2003,M0037,Milagro,Costa,-2.133,-79.583,8,7,86.0,0.0
2003,M0105,Otavalo,Sierra,0.233,-78.266,1,31,7.8,10.1
2003,M0105,Otavalo,Sierra,0.233,-78.266,2,26,26.3,68.8
2003,M0105,Otavalo,Sierra,0.233,-78.266,3,26,19.3,47.3
2003,M0105,Otavalo,Sierra,0.233,-78.266,4,10,45.5,174.6
2003,M0105,Otavalo,Sierra,0.233,-78.266,5,5,6.4,31.7
2003,M0105,Otavalo,Sierra,0.233,-78.266,6,15,12.4,38.2
2003,M0105,Otavalo,Sierra,0.233,-78.266,7,10,17.2,34.8
2003,M0105,Otavalo,Sierra,0.233,-78.266,8,18,0.2,0.2
2003,M0105,Otavalo,Sierra,0.233,-78.266,9,28,21.0,51.2
2003,M0105,Otavalo,Sierra,0.233,-78.266,10,26,52.0,98.7
2003,M0105,Otavalo,Sierra,0.233,-78.266,11,30,20.5,150.0
2003,M0105,Otavalo,Sierra,0.233,-78.266,12,25,31.1,65.4
2003,M0105,Otavalo,Sierra,0.233,-78.266,9,5,90.2,0.0
2003,M0143,Malacatos,Sierra,-3.994537,-79.205415,1,18,8.4,17.6
2003,M0143,Malacatos,Sierra,-3.994537,-79.205415,2,17,28.4,100.0
2003,M0143,Malacatos,Sierra,-3.994537,-79.205415,3,29,21.2,108.2
2003,M0143,Malacatos,Sierra,-3.994537,-79.205415,4,7,22.2,84.7
2003,M0143,Malacatos,Sierra,-3.994537,-79.205415,5,6,0.6,2.1
2003,M0143,Malacatos,Sierra,-3.994537,-79.205415,6,1,0.0,0.0
2003,M0143,Malacatos,Sierra,-3.994537,-79.205415,7,9,4.3,8.1
2003,M0143,Malacatos,Sierra,-3.994537,-79.205415,8,1,0.0,0.0
2003,M0143,Malacatos,Sierra,-3.994537,-79.205415,9,28,0.1,0.1
2003,M0143,Malacatos,Sierra,-3.994537,-79.205415,10,7,41.2,164.8
2003,M0143,Malacatos,Sierra,-3.994537,-79.205415,11,12,19.8,19.8
2003,M0143,Malacatos,Sierra,-3.994537,-79.205415,12,14,14.6,27.3
2003,M0176,Naranjal,Costa,-2.666,-79.616,1,18,10.0,58.3
2003,M0176,Naranjal,Costa,-2.666,-79.616,2,11,16.4,88.1
2003,M0176,Naranjal,Costa,-2.666,-79.616,3,15,15.6,56.0
2003,M0176,Naranjal,Costa,-2.666,-79.616,4,18,11.4,47.2
2003,M0176,Naranjal,Costa,-2.666,-79.616,5,13,10.0,20.6
2003,M0176,Naranjal,Costa,-2.666,-79.616,6,24,5.4,13.8
2003,M0176,Naranjal,Costa,-2.666,-79.616,7,5,6.0,11.2
2003,M0176,Naranjal,Costa,-2.666,-79.616,8,17,3.0,6.0
2003,M0176,Naranjal,Costa,-2.666,-79.616,9,20,3.4,17.7
2003,M0176,Naranjal,Costa,-2.666,-79.616,10,6,4.0,24.8
2003,M0176,Naranjal,Costa,-2.666,-79.616,11,14,3.6,17.0
2003,M0176,Naranjal,Costa,-2.666,-79.616,12,21,10.0,32.6
2003,M1208,La Teodomira,Costa,-1.162778,-80.395833,1,25,51.5,137.0
2003,M1208,La Teodomira,Costa,-1.162778,-80.395833,2,8,25.2,171.1
2003,M1208,La Teodomira,Costa,-1.162778,-80.395833,3,12,39.5,102.3
2003,M1208,La Teodomira,Costa,-1.162778,-80.395833,4,12,50.7,128.9
2003,M1208,La Teodomira,Costa,-1.162778,-80.395833,5,8,32.7,72.5
2003,M1208,La Teodomira,Costa,-1.162778,-80.395833,6,27,8.3,11.1
2003,M1208,La Teodomira,Costa,-1.162778,-80.395833,7,5,0.4,0.4
2003,M1208,La Teodomira,Costa,-1.162778,-80.395833,8,23,0.2,0.2
2003,M1208,La Teodomira,Costa,-1.162778,-80.395833,9,1,0.0,0.0
2003,M1208,La Teodomira,Costa,-1.162778,-80.395833,10,1,0.0,0.0
2003,M1208,La Teodomira,Costa,-1.162778,-80.395833,11,29,2.1,2.4
2003,M1208,La Teodomira,Costa,-1.162778,-80.395833,12,19,18.6,29.3
2003,M1208,La Teodomira,Costa,-1.162778,-80.395833,4,7,146.1,0.0
2003,M1208,La Teodomira,Costa,-1.162778,-80.395833,7,7,13.0,7.0
2003,M1208,La Teodomira,Costa,-1.162778,-80.395833,9,7,21.0,9.0
2003,M1208,La Teodomira,Costa,-1.162778,-80.395833,12,7,6.0,8.0
2004,M0007,Nuevo Rocafuerte,Amazonia,-0.916,-75.4,1,9,20.4,36.2
2004,M0007,Nuevo Rocafuerte,Amazonia,-0.916,-75.4,2,26,32.0,102.7
2004,M0007,Nuevo Rocafuerte,Amazonia,-0.916,-75.4,3,10,45.8,221.8
2004,M0007,Nuevo Rocafuerte,Amazonia,-0.916,-75.4,4,17,61.5,291.6
2004,M0007,Nuevo Rocafuerte,Amazonia,-0.916,-75.4,5,2,73.0,445.6
2004,M0007,Nuevo Rocafuerte,Amazonia,-0.916,-75.4,6,2,74.0,323.1
2004,M0007,Nuevo Rocafuerte,Amazonia,-0.916,-75.4,7,23,62.0,252.2
2004,M0007,Nuevo Rocafuerte,Amazonia,-0.916,-75.4,8,18,44.7,281.0
2004,M0007,Nuevo Rocafuerte,Amazonia,-0.916,-75.4,9,9,24.8,161.0
2004,M0007,Nuevo Rocafuerte,Amazonia,-0.916,-75.4,11,30,46.7,139.7
2004,M0007,Nuevo Rocafuerte,Amazonia,-0.916,-75.4,12,3,34.2,140.2
2004,M0007,Nuevo Rocafuerte,Amazonia,-0.916,-75.4,10,6,90.5,0.0
2004,M0008,Puyo,Amazonia,-1.483,-77.983,1,23,85.0,246.4
2004,M0008,Puyo,Amazonia,-1.483,-77.983,2,21,41.2,144.7
2004,M0008,Puyo,Amazonia,-1.483,-77.983,3,15,84.5,440.7
2004,M0008,Puyo,Amazonia,-1.483,-77.983,4,17,50.2,408.6
2004,M0008,Puyo,Amazonia,-1.483,-77.983,5,4,133.5,738.7
2004,M0008,Puyo,Amazonia,-1.483,-77.983,6,3,50.7,432.4
2004,M0008,Puyo,Amazonia,-1.483,-77.983,7,29,70.4,347.1
2004,M0008,Puyo,Amazonia,-1.483,-77.983,9,6,78.2,398.6
2004,M0008,Puyo,Amazonia,-1.483,-77.983,10,8,78.3,522.3
2004,M0008,Puyo,Amazonia,-1.483,-77.983,11,17,66.8,642.7
2004,M0008,Puyo,Amazonia,-1.483,-77.983,12,13,88.0,405.9
2004,M0008,Puyo,Amazonia,-1.483,-77.983,5,7,76.8,0.0
2004,M0024,Quito,Sierra,-0.166,-78.483,2,19,16.3,34.4
2004,M0024,Quito,Sierra,-0.166,-78.483,3,7,24.8,75.2
2004,M0024,Quito,Sierra,-0.166,-78.483,4,13,40.8,156.3
2004,M0024,Quito,Sierra,-0.166,-78.483,5,24,27.6,113.8
2004,M0024,Quito,Sierra,-0.166,-78.483,6,9,5.5,11.0
2004,M0024,Quito,Sierra,-0.166,-78.483,7,26,3.5,6.7
2004,M0024,Quito,Sierra,-0.166,-78.483,8,4,0.2,0.6
2004,M0024,Quito,Sierra,-0.166,-78.483,9,9,14.9,97.6
2004,M0024,Quito,Sierra,-0.166,-78.483,10,10,33.0,98.8
2004,M0024,Quito,Sierra,-0.166,-78.483,11,24,35.6,125.5
2004,M0024,Quito,Sierra,-0.166,-78.483,12,15,20.7,94.8
2004,M0024,Quito,Sierra,-0.166,-78.483,1,5,131.2,0.0
2004,M0024,Quito,Sierra,-0.166,-78.483,8,3,13.0,8.1
2004,M0037,Milagro,Costa,-2.133,-79.583,1,5,44.4,101.7
2004,M0037,Milagro,Costa,-2.133,-79.583,2,13,65.0,275.4
2004,M0037,Milagro,Costa,-2.133,-79.583,3,25,78.7,332.7
2004,M0037,Milagro,Costa,-2.133,-79.583,4,13,34.5,145.6
2004,M0037,Milagro,Costa,-2.133,-79.583,5,16,42.8,66.0
2004,M0037,Milagro,Costa,-2.133,-79.583,6,5,1.8,2.3
2004,M0037,Milagro,Costa,-2.133,-79.583,7,5,0.5,1.0
2004,M0037,Milagro,Costa,-2.133,-79.583,8,1,0.0,0.0
2004,M0037,Milagro,Costa,-2.133,-79.583,9,22,2.9,5.9
2004,M0037,Milagro,Costa,-2.133,-79.583,10,25,1.1,1.5
2004,M0037,Milagro,Costa,-2.133,-79.583,11,10,0.2,0.4
2004,M0037,Milagro,Costa,-2.133,-79.583,12,13,12.5,20.6
2004,M0037,Milagro,Costa,-2.133,-79.583,7,7,3.0,5.8
2004,M0105,Otavalo,Sierra,0.233,-78.266,1,7,16.1,44.6
2004,M0105,Otavalo,Sierra,0.233,-78.266,2,22,6.6,19.2
2004,M0105,Otavalo,Sierra,0.233,-78.266,3,6,14.0,41.3
2004,M0105,Otavalo,Sierra,0.233,-78.266,4,13,27.4,101.1
2004,M0105,Otavalo,Sierra,0.233,-78.266,5,17,29.8,132.0
2004,M0105,Otavalo,Sierra,0.233,-78.266,6,4,5.1,6.4
2004,M0105,Otavalo,Sierra,0.233,-78.266,7,26,2.2,5.3
2004,M0105,Otavalo,Sierra,0.233,-78.266,8,4,0.5,0.7
2004,M0105,Otavalo,Sierra,0.233,-78.266,9,9,38.3,64.2
2004,M0105,Otavalo,Sierra,0.233,-78.266,10,7,18.7,68.2
2004,M0105,Otavalo,Sierra,0.233,-78.266,11,30,22.8,116.7
2004,M0105,Otavalo,Sierra,0.233,-78.266,12,14,15.8,60.3
2004,M0105,Otavalo,Sierra,0.233,-78.266,1,5,3.0,6.0
2004,M0105,Otavalo,Sierra,0.233,-78.266,7,6,31.0,5.0
2004,M0143,Malacatos,Sierra,-3.994537,-79.205415,1,18,8.4,21.8
2004,M0143,Malacatos,Sierra,-3.994537,-79.205415,2,6,9.4,29.1
2004,M0143,Malacatos,Sierra,-3.994537,-79.205415,3,26,8.2,20.4
2004,M0143,Malacatos,Sierra,-3.994537,-79.205415,4,13,40.1,143.9
2004,M0143,Malacatos,Sierra,-3.994537,-79.205415,5,25,12.2,31.9
2004,M0143,Malacatos,Sierra,-3.994537,-79.205415,6,3,3.4,5.1
2004,M0143,Malacatos,Sierra,-3.994537,-79.205415,9,8,28.4,29.4
2004,M0143,Malacatos,Sierra,-3.994537,-79.205415,10,28,47.0,115.6
2004,M0143,Malacatos,Sierra,-3.994537,-79.205415,11,6,50.3,151.2
2004,M0143,Malacatos,Sierra,-3.994537,-79.205415,12,15,39.8,107.4
2004,M0176,Naranjal,Costa,-2.666,-79.616,1,6,16.6,39.8
2004,M0176,Naranjal,Costa,-2.666,-79.616,2,13,8.6,36.5
2004,M0176,Naranjal,Costa,-2.666,-79.616,3,17,16.2,92.3
2004,M0176,Naranjal,Costa,-2.666,-79.616,4,23,19.7,78.0
2004,M0176,Naranjal,Costa,-2.666,-79.616,6,17,3.6,11.0
2004,M0176,Naranjal,Costa,-2.666,-79.616,7,1,0.0,0.0
2004,M0176,Naranjal,Costa,-2.666,-79.616,8,6,3.0,9.6
2004,M0176,Naranjal,Costa,-2.666,-79.616,9,9,4.6,13.2
2004,M0176,Naranjal,Costa,-2.666,-79.616,10,9,8.0,24.8
2004,M0176,Naranjal,Costa,-2.666,-79.616,11,14,4.0,17.6
2004,M0176,Naranjal,Costa,-2.666,-79.616,12,13,5.6,11.6
2004,M1203,Lumbaqui,Amazonia,0.05,-77.316,1,6,92.3,254.7
2004,M1203,Lumbaqui,Amazonia,0.05,-77.316,2,3,29.4,108.9
2004,M1203,Lumbaqui,Amazonia,0.05,-77.316,3,9,60.1,398.2
2004,M1203,Lumbaqui,Amazonia,0.05,-77.316,4,17,134.1,648.9
2004,M1203,Lumbaqui,Amazonia,0.05,-77.316,5,7,101.3,769.7
2004,M1203,Lumbaqui,Amazonia,0.05,-77.316,6,4,37.6,385.7
2004,M1203,Lumbaqui,Amazonia,0.05,-77.316,7,1,60.0,543.1
2004,M1203,Lumbaqui,Amazonia,0.05,-77.316,8,6,74.9,335.6
2004,M1203,Lumbaqui,Amazonia,0.05,-77.316,9,9,63.2,461.8
2004,M1203,Lumbaqui,Amazonia,0.05,-77.316,10,27,69.1,435.8
2004,M1203,Lumbaqui,Amazonia,0.05,-77.316,11,28,58.0,433.5
2004,M1203,Lumbaqui,Amazonia,0.05,-77.316,10,6,26.0,8.1
2004,M1208,La Teodomira,Costa,-1.162778,-80.395833,1,5,8.6,30.1
2004,M1208,La Teodomira,Costa,-1.162778,-80.395833,2,11,64.4,189.4
2004,M1208,La Teodomira,Costa,-1.162778,-80.395833,3,6,55.7,202.6
2004,M1208,La Teodomira,Costa,-1.162778,-80.395833,4,23,10.6,37.5
2004,M1208,La Teodomira,Costa,-1.162778,-80.395833,5,16,8.4,18.0
2004,M1208,La Teodomira,Costa,-1.162778,-80.395833,6,5,3.2,5.0
2004,M1208,La Teodomira,Costa,-1.162778,-80.395833,7,1,0.3,0.6
2004,M1208,La Teodomira,Costa,-1.162778,-80.395833,8,4,2.3,2.3
2004,M1208,La Teodomira,Costa,-1.162778,-80.395833,9,16,1.7,5.1
2004,M1208,La Teodomira,Costa,-1.162778,-80.395833,10,17,2.8,5.2
2004,M1208,La Teodomira,Costa,-1.162778,-80.395833,11,1,0.5,0.5
2004,M1208,La Teodomira,Costa,-1.162778,-80.395833,12,1,0.0,0.0
2004,M1208,La Teodomira,Costa,-1.162778,-80.395833,5,7,4.0,7.0
2004,M1208,La Teodomira,Costa,-1.162778,-80.395833,12,7,8.0,8.0
2005,M0105,Otavalo,Sierra,0.233,-78.266,8,4,4.0,0.0
2005,M1203,Lumbaqui,Amazonia,0.05,-77.316,8,4,30.0,0.0
2005,M1208,La Teodomira,Costa,-1.162778,-80.395833,5,7,2.0,0.0
2005,M1208,La Teodomira,Costa,-1.162778,-80.395833,8,7,21.0,0.0
2006,M0007,Nuevo Rocafuerte,Amazonia,-0.916,-75.4,7,6,27.0,0.0
2006,M0024,Quito,Sierra,-0.166,-78.483,11,6,6.0,0.0
2006,M0105,Otavalo,Sierra,0.233,-78.266,7,4,16.0,0.0
2006,M0105,Otavalo,Sierra,0.233,-78.266,9,5,18.0,0.0
2006,M1203,Lumbaqui,Amazonia,0.05,-77.316,3,5,24.0,0.0
2006,M1203,Lumbaqui,Amazonia,0.05,-77.316,4,5,6.0,0.0
2006,M1203,Lumbaqui,Amazonia,0.05,-77.316,5,5,10.0,0.0
2006,M1203,Lumbaqui,Amazonia,0.05,-77.316,6,5,10.0,0.0
2006,M1203,Lumbaqui,Amazonia,0.05,-77.316,7,5,11.0,0.0
2006,M1203,Lumbaqui,Amazonia,0.05,-77.316,8,4,12.0,0.0
2006,M1203,Lumbaqui,Amazonia,0.05,-77.316,10,4,26.0,0.0
2006,M1203,Lumbaqui,Amazonia,0.05,-77.316,11,5,10.0,0.0
2006,M1203,Lumbaqui,Amazonia,0.05,-77.316,12,5,2.0,0.0
2006,M1208,La Teodomira,Costa,-1.162778,-80.395833,1,7,6.0,0.0
2006,M1208,La Teodomira,Costa,-1.162778,-80.395833,3,7,24.0,0.0
2006,M1208,La Teodomira,Costa,-1.162778,-80.395833,5,7,6.0,0.0
2007,M0007,Nuevo Rocafuerte,Amazonia,-0.916,-75.4,1,22,33.5,127.8
2007,M0007,Nuevo Rocafuerte,Amazonia,-0.916,-75.4,2,25,47.9,70.5
2007,M0007,Nuevo Rocafuerte,Amazonia,-0.916,-75.4,3,19,94.5,414.3
2007,M0007,Nuevo Rocafuerte,Amazonia,-0.916,-75.4,4,19,51.8,362.6
2007,M0007,Nuevo Rocafuerte,Amazonia,-0.916,-75.4,5,6,49.1,168.3
2007,M0007,Nuevo Rocafuerte,Amazonia,-0.916,-75.4,6,14,55.8,439.0
2007,M0007,Nuevo Rocafuerte,Amazonia,-0.916,-75.4,7,26,43.9,175.1
2007,M0007,Nuevo Rocafuerte,Amazonia,-0.916,-75.4,8,28,88.6,227.7
2007,M0007,Nuevo Rocafuerte,Amazonia,-0.916,-75.4,9,15,50.2,235.1
2007,M0007,Nuevo Rocafuerte,Amazonia,-0.916,-75.4,10,24,98.7,335.0
2007,M0007,Nuevo Rocafuerte,Amazonia,-0.916,-75.4,11,6,43.6,246.5
2007,M0007,Nuevo Rocafuerte,Amazonia,-0.916,-75.4,12,23,42.9,151.0
2007,M0008,Puyo,Amazonia,-1.483,-77.983,1,18,46.1,360.7
2007,M0008,Puyo,Amazonia,-1.483,-77.983,2,19,49.4,167.0
2007,M0008,Puyo,Amazonia,-1.483,-77.983,3,23,81.9,453.0
2007,M0008,Puyo,Amazonia,-1.483,-77.983,4,16,82.8,555.0
2007,M0008,Puyo,Amazonia,-1.483,-77.983,5,3,80.6,518.3
2007,M0008,Puyo,Amazonia,-1.483,-77.983,6,6,82.3,499.1
2007,M0008,Puyo,Amazonia,-1.483,-77.983,7,26,42.8,280.5
2007,M0008,Puyo,Amazonia,-1.483,-77.983,8,3,49.7,436.8
2007,M0008,Puyo,Amazonia,-1.483,-77.983,9,13,22.7,182.3
2007,M0008,Puyo,Amazonia,-1.483,-77.983,10,27,80.6,387.5
2007,M0008,Puyo,Amazonia,-1.483,-77.983,11,8,66.7,582.6
2007,M0008,Puyo,Amazonia,-1.483,-77.983,12,19,102.5,458.5
2007,M0008,Puyo,Amazonia,-1.483,-77.983,4,7,66.9,0.0
2007,M0024,Quito,Sierra,-0.166,-78.483,2,15,17.9,67.5
2007,M0024,Quito,Sierra,-0.166,-78.483,3,22,33.8,177.2
2007,M0024,Quito,Sierra,-0.166,-78.483,4,22,20.7,188.1
2007,M0024,Quito,Sierra,-0.166,-78.483,5,10,33.5,101.0
2007,M0024,Quito,Sierra,-0.166,-78.483,6,2,6.0,22.2
2007,M0024,Quito,Sierra,-0.166,-78.483,7,17,5.3,12.5
2007,M0024,Quito,Sierra,-0.166,-78.483,8,26,5.9,33.4
2007,M0024,Quito,Sierra,-0.166,-78.483,9,21,1.5,3.0
2007,M0024,Quito,Sierra,-0.166,-78.483,10,10,20.6,160.1
2007,M0024,Quito,Sierra,-0.166,-78.483,11,23,36.8,194.7
2007,M0024,Quito,Sierra,-0.166,-78.483,12,77,14.0,0.0
2007,M0024,Quito,Sierra,-0.166,-78.483,1,5,119.6,0.0
2007,M0037,Milagro,Costa,-2.133,-79.583,1,9,43.6,211.1
2007,M0037,Milagro,Costa,-2.133,-79.583,2,16,25.3,97.5
2007,M0037,Milagro,Costa,-2.133,-79.583,3,11,100.9,481.6
2007,M0037,Milagro,Costa,-2.133,-79.583,4,20,100.2,162.0
2007,M0037,Milagro,Costa,-2.133,-79.583,5,24,5.5,15.9
2007,M0037,Milagro,Costa,-2.133,-79.583,6,1,1.7,3.0
2007,M0037,Milagro,Costa,-2.133,-79.583,7,28,1.0,1.2
2007,M0037,Milagro,Costa,-2.133,-79.583,8,1,0.0,0.0
2007,M0037,Milagro,Costa,-2.133,-79.583,9,1,0.0,0.0
2007,M0037,Milagro,Costa,-2.133,-79.583,10,9,2.8,2.9
2007,M0037,Milagro,Costa,-2.133,-79.583,11,22,4.0,5.1
2007,M0037,Milagro,Costa,-2.133,-79.583,12,13,1.4,3.0
2007,M0037,Milagro,Costa,-2.133,-79.583,6,7,66.4,0.0
2007,M0037,Milagro,Costa,-2.133,-79.583,10,7,6.0,6.5
2007,M0105,Otavalo,Sierra,0.233,-78.266,1,25,22.5,51.5
2007,M0105,Otavalo,Sierra,0.233,-78.266,2,15,20.0,40.3
2007,M0105,Otavalo,Sierra,0.233,-78.266,3,23,28.5,169.2
2007,M0105,Otavalo,Sierra,0.233,-78.266,4,10,24.5,195.5
2007,M0105,Otavalo,Sierra,0.233,-78.266,5,29,21.1,91.6
2007,M0105,Otavalo,Sierra,0.233,-78.266,7,20,17.0,23.6
2007,M0105,Otavalo,Sierra,0.233,-78.266,8,15,11.2,39.4
2007,M0105,Otavalo,Sierra,0.233,-78.266,9,18,5.5,6.1
2007,M0105,Otavalo,Sierra,0.233,-78.266,10,6,16.0,122.8
2007,M0105,Otavalo,Sierra,0.233,-78.266,11,6,11.4,71.4
2007,M0105,Otavalo,Sierra,0.233,-78.266,1,5,1.0,4.0
2007,M0105,Otavalo,Sierra,0.233,-78.266,6,5,81.7,0.0
2007,M0105,Otavalo,Sierra,0.233,-78.266,7,4,5.0,5.0
2007,M0105,Otavalo,Sierra,0.233,-78.266,8,5,1.0,5.0
2007,M0105,Otavalo,Sierra,0.233,-78.266,12,7,75.8,0.0
2007,M0143,Malacatos,Sierra,-3.994537,-79.205415,1,25,12.7,30.9
2007,M0143,Malacatos,Sierra,-3.994537,-79.205415,2,15,29.5,53.8
2007,M0143,Malacatos,Sierra,-3.994537,-79.205415,3,23,48.0,155.2
2007,M0143,Malacatos,Sierra,-3.994537,-79.205415,4,24,28.7,149.3
2007,M0143,Malacatos,Sierra,-3.994537,-79.205415,5,20,15.0,46.4
2007,M0143,Malacatos,Sierra,-3.994537,-79.205415,6,15,3.5,11.6
2007,M0143,Malacatos,Sierra,-3.994537,-79.205415,7,23,4.5,5.7
2007,M0143,Malacatos,Sierra,-3.994537,-79.205415,8,12,7.8,14.4
2007,M0143,Malacatos,Sierra,-3.994537,-79.205415,9,15,4.2,6.2
2007,M0143,Malacatos,Sierra,-3.994537,-79.205415,10,22,29.9,78.6
2007,M0143,Malacatos,Sierra,-3.994537,-79.205415,11,13,31.7,142.7
2007,M0143,Malacatos,Sierra,-3.994537,-79.205415,12,14,24.9,62.2
2007,M0185,Machala,Costa,-3.266,-79.95,5,3,29.5,70.7
2007,M0185,Machala,Costa,-3.266,-79.95,9,9,2.9,29.5
2007,M0185,Machala,Costa,-3.266,-79.95,10,6,5.0,53.7
2007,M0185,Machala,Costa,-3.266,-79.95,11,12,6.2,54.7
2007,M0185,Machala,Costa,-3.266,-79.95,10,6,4.0,37.1
2007,M0185,Machala,Costa,-3.266,-79.95,11,27,3.0,34.0
2007,M0176,Naranjal,Costa,-2.666,-79.616,3,18,49.5,220.4
2007,M0176,Naranjal,Costa,-2.666,-79.616,4,8,28.7,59.3
2007,M0176,Naranjal,Costa,-2.666,-79.616,5,1,12.4,25.5
2007,M0176,Naranjal,Costa,-2.666,-79.616,6,5,5.4,14.2
2007,M1203,Lumbaqui,Amazonia,0.05,-77.316,1,21,55.0,292.3
2007,M1203,Lumbaqui,Amazonia,0.05,-77.316,2,26,25.4,104.0
2007,M1203,Lumbaqui,Amazonia,0.05,-77.316,3,27,62.4,461.6
2007,M1203,Lumbaqui,Amazonia,0.05,-77.316,4,22,108.4,577.9
2007,M1203,Lumbaqui,Amazonia,0.05,-77.316,5,24,85.0,574.4
2007,M1203,Lumbaqui,Amazonia,0.05,-77.316,6,6,36.6,401.0
2007,M1203,Lumbaqui,Amazonia,0.05,-77.316,8,17,46.0,279.3
2007,M1203,Lumbaqui,Amazonia,0.05,-77.316,9,27,78.1,401.8
2007,M1203,Lumbaqui,Amazonia,0.05,-77.316,10,24,122.4,536.0
2007,M1203,Lumbaqui,Amazonia,0.05,-77.316,11,2,84.5,534.2
2007,M1203,Lumbaqui,Amazonia,0.05,-77.316,12,22,92.2,599.1
2007,M1203,Lumbaqui,Amazonia,0.05,-77.316,2,4,7.0,5.8
2007,M1203,Lumbaqui,Amazonia,0.05,-77.316,7,5,87.4,0.0
2007,M1203,Lumbaqui,Amazonia,0.05,-77.316,11,5,102.1,0.0
2008,M0007,Nuevo Rocafuerte,Amazonia,-0.916,-75.4,1,13,25.0,133.0
2008,M0007,Nuevo Rocafuerte,Amazonia,-0.916,-75.4,2,11,38.9,186.0
2008,M0007,Nuevo Rocafuerte,Amazonia,-0.916,-75.4,3,12,65.1,125.4
2008,M0007,Nuevo Rocafuerte,Amazonia,-0.916,-75.4,4,16,52.6,257.4
2008,M0007,Nuevo Rocafuerte,Amazonia,-0.916,-75.4,5,16,41.8,223.5
2008,M0007,Nuevo Rocafuerte,Amazonia,-0.916,-75.4,6,7,58.3,318.1
2008,M0007,Nuevo Rocafuerte,Amazonia,-0.916,-75.4,7,3,40.1,248.8
2008,M0007,Nuevo Rocafuerte,Amazonia,-0.916,-75.4,8,12,57.1,249.4
2008,M0007,Nuevo Rocafuerte,Amazonia,-0.916,-75.4,9,25,60.8,270.2
2008,M0007,Nuevo Rocafuerte,Amazonia,-0.916,-75.4,10,27,46.5,214.8
2008,M0007,Nuevo Rocafuerte,Amazonia,-0.916,-75.4,11,14,78.6,248.9
2008,M0007,Nuevo Rocafuerte,Amazonia,-0.916,-75.4,12,13,60.2,170.2
2008,M0007,Nuevo Rocafuerte,Amazonia,-0.916,-75.4,10,7,71.4,0.0
2008,M0008,Puyo,Amazonia,-1.483,-77.983,1,5,50.2,255.7
2008,M0008,Puyo,Amazonia,-1.483,-77.983,2,24,43.7,381.0
2008,M0008,Puyo,Amazonia,-1.483,-77.983,3,21,31.4,248.4
2008,M0008,Puyo,Amazonia,-1.483,-77.983,4,9,101.2,430.4
2008,M0008,Puyo,Amazonia,-1.483,-77.983,5,31,101.0,574.6
2008,M0008,Puyo,Amazonia,-1.483,-77.983,6,24,111.4,432.2
2008,M0008,Puyo,Amazonia,-1.483,-77.983,7,25,83.6,452.5
2008,M0008,Puyo,Amazonia,-1.483,-77.983,8,22,75.3,368.4
2008,M0008,Puyo,Amazonia,-1.483,-77.983,9,21,69.8,361.1
2008,M0008,Puyo,Amazonia,-1.483,-77.983,10,19,48.4,346.1
2008,M0008,Puyo,Amazonia,-1.483,-77.983,11,25,99.3,362.1
2008,M0008,Puyo,Amazonia,-1.483,-77.983,12,17,54.9,295.1
2008,M0024,Quito,Sierra,-0.166,-78.483,1,27,25.0,156.5
2008,M0024,Quito,Sierra,-0.166,-78.483,2,19,37.0,217.9
2008,M0024,Quito,Sierra,-0.166,-78.483,3,30,24.2,188.8
2008,M0024,Quito,Sierra,-0.166,-78.483,4,11,48.9,203.8
2008,M0024,Quito,Sierra,-0.166,-78.483,5,24,31.2,171.3
2008,M0024,Quito,Sierra,-0.166,-78.483,6,12,15.8,56.5
2008,M0024,Quito,Sierra,-0.166,-78.483,7,8,4.9,12.3
2008,M0024,Quito,Sierra,-0.166,-78.483,8,23,13.0,37.0
2008,M0024,Quito,Sierra,-0.166,-78.483,9,21,12.8,58.7
2008,M0024,Quito,Sierra,-0.166,-78.483,10,14,44.5,235.3
2008,M0024,Quito,Sierra,-0.166,-78.483,12,18,22.4,121.2
2008,M0024,Quito,Sierra,-0.166,-78.483,1,7,101.6,0.0
2008,M0037,Milagro,Costa,-2.133,-79.583,1,28,69.2,468.0
2008,M0037,Milagro,Costa,-2.133,-79.583,2,15,104.1,669.8
2008,M0037,Milagro,Costa,-2.133,-79.583,3,2,116.0,619.2
2008,M0037,Milagro,Costa,-2.133,-79.583,4,20,64.8,272.9
2008,M0037,Milagro,Costa,-2.133,-79.583,5,1,23.1,48.4
2008,M0037,Milagro,Costa,-2.133,-79.583,6,22,0.3,1.0
2008,M0037,Milagro,Costa,-2.133,-79.583,8,18,0.3,0.6
2008,M0037,Milagro,Costa,-2.133,-79.583,9,21,2.6,2.9
2008,M0037,Milagro,Costa,-2.133,-79.583,10,12,0.5,2.5
2008,M0037,Milagro,Costa,-2.133,-79.583,11,6,0.3,0.4
2008,M0037,Milagro,Costa,-2.133,-79.583,12,19,0.1,0.1
2008,M0037,Milagro,Costa,-2.133,-79.583,7,7,84.8,0.0
2008,M0105,Otavalo,Sierra,0.233,-78.266,1,28,26.8,124.1
2008,M0105,Otavalo,Sierra,0.233,-78.266,2,19,18.1,113.3
2008,M0105,Otavalo,Sierra,0.233,-78.266,3,31,36.5,192.3
2008,M0105,Otavalo,Sierra,0.233,-78.266,4,11,35.2,149.1
2008,M0105,Otavalo,Sierra,0.233,-78.266,5,28,24.5,170.5
2008,M0105,Otavalo,Sierra,0.233,-78.266,6,18,18.8,88.4
2008,M0105,Otavalo,Sierra,0.233,-78.266,7,2,2.0,7.1
2008,M0105,Otavalo,Sierra,0.233,-78.266,8,22,8.7,33.5
2008,M0105,Otavalo,Sierra,0.233,-78.266,9,21,13.5,26.6
2008,M0105,Otavalo,Sierra,0.233,-78.266,10,6,28.3,158.1
2008,M0105,Otavalo,Sierra,0.233,-78.266,11,7,24.5,126.9
2008,M0105,Otavalo,Sierra,0.233,-78.266,12,1,9.4,64.3
2008,M0105,Otavalo,Sierra,0.233,-78.266,12,11,3.9,81.3
2008,M0143,Malacatos,Sierra,-3.994537,-79.205415,1,12,15.7,45.6
2008,M0143,Malacatos,Sierra,-3.994537,-79.205415,2,18,49.3,195.7
2008,M0143,Malacatos,Sierra,-3.994537,-79.205415,3,3,52.0,173.0
2008,M0143,Malacatos,Sierra,-3.994537,-79.205415,4,2,13.5,83.4
2008,M0143,Malacatos,Sierra,-3.994537,-79.205415,5,24,25.6,54.1
2008,M0143,Malacatos,Sierra,-3.994537,-79.205415,6,21,10.0,22.3
2008,M0143,Malacatos,Sierra,-3.994537,-79.205415,7,9,0.1,0.1
2008,M0143,Malacatos,Sierra,-3.994537,-79.205415,8,10,4.9,14.7
2008,M0143,Malacatos,Sierra,-3.994537,-79.205415,9,20,8.5,20.6
2008,M0143,Malacatos,Sierra,-3.994537,-79.205415,10,27,42.2,162.9
2008,M0143,Malacatos,Sierra,-3.994537,-79.205415,11,1,23.0,64.5
2008,M0143,Malacatos,Sierra,-3.994537,-79.205415,12,5,50.2,171.2
2008,M0176,Naranjal,Costa,-2.666,-79.616,12,26,1.2,2.2
2008,M0185,Machala,Costa,-3.266,-79.95,1,16,77.1,315.0
2008,M0185,Machala,Costa,-3.266,-79.95,2,17,134.8,722.7
2008,M0185,Machala,Costa,-3.266,-79.95,3,9,80.3,437.9
2008,M0185,Machala,Costa,-3.266,-79.95,4,29,44.4,219.1
2008,M0185,Machala,Costa,-3.266,-79.95,5,19,7.4,55.5
2008,M0185,Machala,Costa,-3.266,-79.95,8,8,5.8,47.0
2008,M0185,Machala,Costa,-3.266,-79.95,9,25,8.0,65.4
2008,M0185,Machala,Costa,-3.266,-79.95,10,7,8.3,81.3
2008,M0185,Machala,Costa,-3.266,-79.95,11,5,12.0,50.6
2008,M0185,Machala,Costa,-3.266,-79.95,4,7,7.8,96.4
2008,M0185,Machala,Costa,-3.266,-79.95,5,18,6.9,79.2
2008,M0185,Machala,Costa,-3.266,-79.95,9,8,21.0,4.2
2008,M0185,Machala,Costa,-3.266,-79.95,12,7,85.2,0.0
2008,M1040,Macas,Amazonia,-2.316,-78.116,9,21,84.4,247.0
2008,M1040,Macas,Amazonia,-2.316,-78.116,10,13,32.3,181.5
2008,M1040,Macas,Amazonia,-2.316,-78.116,11,25,76.5,342.8
2008,M1040,Macas,Amazonia,-2.316,-78.116,12,25,20.2,112.6
2008,M1203,Lumbaqui,Amazonia,0.05,-77.316,1,14,61.2,338.6
2008,M1203,Lumbaqui,Amazonia,0.05,-77.316,2,9,55.9,385.9
2008,M1203,Lumbaqui,Amazonia,0.05,-77.316,4,7,64.4,480.0
2008,M1203,Lumbaqui,Amazonia,0.05,-77.316,5,21,100.0,586.8
2008,M1203,Lumbaqui,Amazonia,0.05,-77.316,6,9,70.6,527.6
2008,M1203,Lumbaqui,Amazonia,0.05,-77.316,7,13,77.9,386.2
2008,M1203,Lumbaqui,Amazonia,0.05,-77.316,9,21,63.0,281.0
2008,M1203,Lumbaqui,Amazonia,0.05,-77.316,10,16,40.1,345.0
2008,M1203,Lumbaqui,Amazonia,0.05,-77.316,11,26,107.2,572.1
2008,M1203,Lumbaqui,Amazonia,0.05,-77.316,12,17,89.0,468.7
2008,M1203,Lumbaqui,Amazonia,0.05,-77.316,3,6,77.5,0.0
2008,M1203,Lumbaqui,Amazonia,0.05,-77.316,8,5,99.4,0.0
2008,M1208,La Teodomira,Costa,-1.162778,-80.395833,1,23,28.7,210.5
2008,M1208,La Teodomira,Costa,-1.162778,-80.395833,2,23,48.7,320.4
2008,M1208,La Teodomira,Costa,-1.162778,-80.395833,3,23,52.0,209.9
2008,M1208,La Teodomira,Costa,-1.162778,-80.395833,4,29,98.3,124.4
2008,M1208,La Teodomira,Costa,-1.162778,-80.395833,5,22,27.6,41.5
2008,M1208,La Teodomira,Costa,-1.162778,-80.395833,6,7,1.6,4.1
2008,M1208,La Teodomira,Costa,-1.162778,-80.395833,7,21,2.3,4.7
2008,M1208,La Teodomira,Costa,-1.162778,-80.395833,8,12,1.0,2.0
2008,M1208,La Teodomira,Costa,-1.162778,-80.395833,10,18,3.9,7.4
2008,M1208,La Teodomira,Costa,-1.162778,-80.395833,11,26,4.0,5.5
2008,M1208,La Teodomira,Costa,-1.162778,-80.395833,2,8,27.0,6.5
2008,M1208,La Teodomira,Costa,-1.162778,-80.395833,5,7,13.0,7.8
2008,M1208,La Teodomira,Costa,-1.162778,-80.395833,6,7,118.0,0.0
2008,M1208,La Teodomira,Costa,-1.162778,-80.395833,9,7,127.7,0.0
2009,M0007,Nuevo Rocafuerte,Amazonia,-0.916,-75.4,1,5,68.7,385.9
2009,M0007,Nuevo Rocafuerte,Amazonia,-0.916,-75.4,2,11,63.4,314.9
2009,M0007,Nuevo Rocafuerte,Amazonia,-0.916,-75.4,3,15,43.0,224.3
2009,M0007,Nuevo Rocafuerte,Amazonia,-0.916,-75.4,4,14,50.0,214.3
2009,M0007,Nuevo Rocafuerte,Amazonia,-0.916,-75.4,5,6,58.1,375.8
2009,M0007,Nuevo Rocafuerte,Amazonia,-0.916,-75.4,6,11,57.3,425.5
2009,M0007,Nuevo Rocafuerte,Amazonia,-0.916,-75.4,7,12,75.5,407.3
2009,M0007,Nuevo Rocafuerte,Amazonia,-0.916,-75.4,8,5,43.9,293.3
2009,M0007,Nuevo Rocafuerte,Amazonia,-0.916,-75.4,9,16,22.3,117.2
2009,M0007,Nuevo Rocafuerte,Amazonia,-0.916,-75.4,10,7,39.5,196.7
2009,M0007,Nuevo Rocafuerte,Amazonia,-0.916,-75.4,11,21,21.8,172.1
2009,M0007,Nuevo Rocafuerte,Amazonia,-0.916,-75.4,12,10,71.7,223.1
2009,M0008,Puyo,Amazonia,-1.483,-77.983,1,25,138.3,660.7
2009,M0008,Puyo,Amazonia,-1.483,-77.983,2,4,50.2,369.1
2009,M0008,Puyo,Amazonia,-1.483,-77.983,3,9,36.4,275.8
2009,M0008,Puyo,Amazonia,-1.483,-77.983,4,1,104.4,560.2
2009,M0008,Puyo,Amazonia,-1.483,-77.983,5,24,53.8,350.0
2009,M0008,Puyo,Amazonia,-1.483,-77.983,6,24,57.8,462.0
2009,M0008,Puyo,Amazonia,-1.483,-77.983,7,14,72.0,331.3
2009,M0008,Puyo,Amazonia,-1.483,-77.983,8,11,63.1,385.2
2009,M0008,Puyo,Amazonia,-1.483,-77.983,9,15,59.2,283.7
2009,M0008,Puyo,Amazonia,-1.483,-77.983,10,21,143.1,483.5
2009,M0008,Puyo,Amazonia,-1.483,-77.983,11,17,47.2,241.0
2009,M0008,Puyo,Amazonia,-1.483,-77.983,12,18,73.6,331.6
2009,M0008,Puyo,Amazonia,-1.483,-77.983,6,7,55.7,0.0
2009,M0024,Quito,Sierra,-0.166,-78.483,2,17,35.9,141.5
2009,M0024,Quito,Sierra,-0.166,-78.483,3,27,32.0,173.8
2009,M0024,Quito,Sierra,-0.166,-78.483,4,11,47.8,161.3
2009,M0024,Quito,Sierra,-0.166,-78.483,5,1,16.4,62.7
2009,M0024,Quito,Sierra,-0.166,-78.483,6,10,15.9,35.0
2009,M0024,Quito,Sierra,-0.166,-78.483,7,3,1.1,2.6
2009,M0024,Quito,Sierra,-0.166,-78.483,8,30,0.7,1.0
2009,M0024,Quito,Sierra,-0.166,-78.483,9,17,4.8,7.4
2009,M0024,Quito,Sierra,-0.166,-78.483,10,31,16.7,69.4
2009,M0024,Quito,Sierra,-0.166,-78.483,11,27,17.8,71.3
2009,M0024,Quito,Sierra,-0.166,-78.483,12,26,39.7,120.0
2009,M0024,Quito,Sierra,-0.166,-78.483,1,7,81.8,0.0
2009,M0037,Milagro,Costa,-2.133,-79.583,1,16,93.5,456.9
2009,M0037,Milagro,Costa,-2.133,-79.583,2,16,61.5,380.8
2009,M0037,Milagro,Costa,-2.133,-79.583,3,1,93.2,187.6
2009,M0037,Milagro,Costa,-2.133,-79.583,4,29,11.8,49.1
2009,M0037,Milagro,Costa,-2.133,-79.583,5,1,40.1,66.1
2009,M0037,Milagro,Costa,-2.133,-79.583,6,14,2.0,2.4
2009,M0037,Milagro,Costa,-2.133,-79.583,7,7,0.3,0.3
2009,M0037,Milagro,Costa,-2.133,-79.583,8,25,0.2,0.2
2009,M0037,Milagro,Costa,-2.133,-79.583,9,1,0.0,0.0
2009,M0037,Milagro,Costa,-2.133,-79.583,10,25,0.1,0.1
2009,M0037,Milagro,Costa,-2.133,-79.583,11,1,0.0,0.0
2009,M0037,Milagro,Costa,-2.133,-79.583,12,27,16.9,18.0
2009,M0105,Otavalo,Sierra,0.233,-78.266,1,23,25.0,119.6
2009,M0105,Otavalo,Sierra,0.233,-78.266,2,19,46.0,119.1
2009,M0105,Otavalo,Sierra,0.233,-78.266,3,27,31.4,173.7
2009,M0105,Otavalo,Sierra,0.233,-78.266,4,11,42.4,91.0
2009,M0105,Otavalo,Sierra,0.233,-78.266,5,2,15.5,34.4
2009,M0105,Otavalo,Sierra,0.233,-78.266,6,10,12.5,42.8
2009,M0105,Otavalo,Sierra,0.233,-78.266,7,3,2.8,7.1
2009,M0105,Otavalo,Sierra,0.233,-78.266,8,18,4.3,7.9
2009,M0105,Otavalo,Sierra,0.233,-78.266,9,15,13.1,17.1
2009,M0105,Otavalo,Sierra,0.233,-78.266,10,11,12.0,46.3
2009,M0105,Otavalo,Sierra,0.233,-78.266,11,28,34.6,69.6
2009,M0105,Otavalo,Sierra,0.233,-78.266,12,27,23.7,112.4
2009,M0105,Otavalo,Sierra,0.233,-78.266,8,5,2.0,6.0
2009,M0143,Malacatos,Sierra,-3.994537,-79.205415,1,11,40.1,173.8
2009,M0143,Malacatos,Sierra,-3.994537,-79.205415,2,13,35.5,164.9
2009,M0143,Malacatos,Sierra,-3.994537,-79.205415,3,22,52.7,164.0
2009,M0143,Malacatos,Sierra,-3.994537,-79.205415,4,7,26.3,87.6
2009,M0143,Malacatos,Sierra,-3.994537,-79.205415,5,1,17.4,58.0
2009,M0143,Malacatos,Sierra,-3.994537,-79.205415,6,11,3.2,3.8
2009,M0143,Malacatos,Sierra,-3.994537,-79.205415,7,4,4.1,5.7
2009,M0143,Malacatos,Sierra,-3.994537,-79.205415,8,21,3.5,6.3
2009,M0143,Malacatos,Sierra,-3.994537,-79.205415,9,16,4.3,5.3
2009,M0143,Malacatos,Sierra,-3.994537,-79.205415,10,12,10.9,36.2
2009,M0143,Malacatos,Sierra,-3.994537,-79.205415,11,22,5.1,8.3
2009,M0143,Malacatos,Sierra,-3.994537,-79.205415,12,26,12.8,70.0
2009,M0176,Naranjal,Costa,-2.666,-79.616,1,13,13.2,116.0
2009,M0176,Naranjal,Costa,-2.666,-79.616,2,21,15.9,99.6
2009,M0176,Naranjal,Costa,-2.666,-79.616,3,1,8.6,68.3
2009,M0176,Naranjal,Costa,-2.666,-79.616,4,29,10.9,41.6
2009,M0176,Naranjal,Costa,-2.666,-79.616,5,1,4.6,11.4
2009,M0176,Naranjal,Costa,-2.666,-79.616,6,16,2.8,7.0
2009,M0176,Naranjal,Costa,-2.666,-79.616,7,25,2.2,4.2
2009,M0176,Naranjal,Costa,-2.666,-79.616,8,8,3.0,8.8
2009,M0176,Naranjal,Costa,-2.666,-79.616,9,11,2.2,15.2
2009,M0176,Naranjal,Costa,-2.666,-79.616,10,10,7.1,19.2
2009,M0176,Naranjal,Costa,-2.666,-79.616,11,27,3.4,12.5
2009,M0176,Naranjal,Costa,-2.666,-79.616,12,26,9.6,16.6
2009,M0185,Machala,Costa,-3.266,-79.95,1,10,40.6,208.1
2009,M0185,Machala,Costa,-3.266,-79.95,2,8,90.8,305.5
2009,M0185,Machala,Costa,-3.266,-79.95,3,5,37.5,194.8
2009,M0185,Machala,Costa,-3.266,-79.95,5,1,10.0,28.2
2009,M0185,Machala,Costa,-3.266,-79.95,6,12,2.8,7.9
2009,M0185,Machala,Costa,-3.266,-79.95,8,20,8.1,50.4
2009,M0185,Machala,Costa,-3.266,-79.95,9,11,7.1,55.2
2009,M0185,Machala,Costa,-3.266,-79.95,10,19,7.7,70.9
2009,M0185,Machala,Costa,-3.266,-79.95,11,26,5.4,33.1
2009,M0185,Machala,Costa,-3.266,-79.95,12,26,51.8,105.5
2009,M0185,Machala,Costa,-3.266,-79.95,4,7,108.0,0.0
2009,M0185,Machala,Costa,-3.266,-79.95,5,6,106.1,0.0
2009,M0185,Machala,Costa,-3.266,-79.95,8,8,7.0,4.0
2009,M0185,Machala,Costa,-3.266,-79.95,9,8,20.0,3.5
2009,M1036,Riobamba,Sierra,-1.65,-78.683,7,2,8.6,17.2
2009,M1036,Riobamba,Sierra,-1.65,-78.683,1,7,93.7,0.0
2009,M1036,Riobamba,Sierra,-1.65,-78.683,2,8,87.6,0.0
2009,M1036,Riobamba,Sierra,-1.65,-78.683,3,7,138.6,0.0
2009,M1036,Riobamba,Sierra,-1.65,-78.683,4,7,128.3,0.0
2009,M1036,Riobamba,Sierra,-1.65,-78.683,5,7,111.6,0.0
2009,M1036,Riobamba,Sierra,-1.65,-78.683,7,6,16.0,6.5
2009,M1036,Riobamba,Sierra,-1.65,-78.683,9,6,146.9,0.0
2009,M1036,Riobamba,Sierra,-1.65,-78.683,11,7,152.4,0.0
2009,M1040,Macas,Amazonia,-2.316,-78.116,1,1,35.6,229.2
2009,M1040,Macas,Amazonia,-2.316,-78.116,2,4,54.1,262.8
2009,M1040,Macas,Amazonia,-2.316,-78.116,3,31,30.8,266.3
2009,M1040,Macas,Amazonia,-2.316,-78.116,4,20,49.3,309.4
2009,M1040,Macas,Amazonia,-2.316,-78.116,5,5,61.7,354.5
2009,M1040,Macas,Amazonia,-2.316,-78.116,6,24,41.8,306.0
2009,M1040,Macas,Amazonia,-2.316,-78.116,9,28,36.8,199.6
2009,M1203,Lumbaqui,Amazonia,0.05,-77.316,1,5,77.1,540.7
2009,M1203,Lumbaqui,Amazonia,0.05,-77.316,2,12,72.1,361.8
2009,M1203,Lumbaqui,Amazonia,0.05,-77.316,3,12,98.8,545.2
2009,M1203,Lumbaqui,Amazonia,0.05,-77.316,4,30,69.2,540.3
2009,M1203,Lumbaqui,Amazonia,0.05,-77.316,8,6,46.3,287.5
2009,M1203,Lumbaqui,Amazonia,0.05,-77.316,9,15,43.1,272.7
2009,M1203,Lumbaqui,Amazonia,0.05,-77.316,10,23,120.8,592.9
2009,M1203,Lumbaqui,Amazonia,0.05,-77.316,11,17,38.7,307.7
2009,M1203,Lumbaqui,Amazonia,0.05,-77.316,12,11,123.1,579.5
2009,M1203,Lumbaqui,Amazonia,0.05,-77.316,6,6,64.8,0.0
2009,M1203,Lumbaqui,Amazonia,0.05,-77.316,7,6,80.5,0.0
2009,M1208,La Teodomira,Costa,-1.162778,-80.395833,6,12,1.9,3.7
2009,M1208,La Teodomira,Costa,-1.162778,-80.395833,7,1,0.0,0.0
2009,M1208,La Teodomira,Costa,-1.162778,-80.395833,8,28,7.2,7.2
2009,M1208,La Teodomira,Costa,-1.162778,-80.395833,9,1,0.0,0.0
2009,M1208,La Teodomira,Costa,-1.162778,-80.395833,10,1,0.0,0.0
2009,M1208,La Teodomira,Costa,-1.162778,-80.395833,11,1,0.0,0.0
2009,M1208,La Teodomira,Costa,-1.162778,-80.395833,12,26,2.9,8.4
2009,M1208,La Teodomira,Costa,-1.162778,-80.395833,1,8,121.5,0.0
2009,M1208,La Teodomira,Costa,-1.162778,-80.395833,4,6,164.8,0.0
2009,M1208,La Teodomira,Costa,-1.162778,-80.395833,6,7,142.4,0.0
2009,M1208,La Teodomira,Costa,-1.162778,-80.395833,8,7,4.0,8.0
2010,M0007,Nuevo Rocafuerte,Amazonia,-0.916,-75.4,1,17,29.9,128.6
2010,M0007,Nuevo Rocafuerte,Amazonia,-0.916,-75.4,2,16,45.1,206.5
2010,M0007,Nuevo Rocafuerte,Amazonia,-0.916,-75.4,3,5,61.8,290.7
2010,M0007,Nuevo Rocafuerte,Amazonia,-0.916,-75.4,4,3,56.2,230.9
2010,M0007,Nuevo Rocafuerte,Amazonia,-0.916,-75.4,5,7,40.9,229.7
2010,M0007,Nuevo Rocafuerte,Amazonia,-0.916,-75.4,6,25,111.4,412.0
2010,M0007,Nuevo Rocafuerte,Amazonia,-0.916,-75.4,7,8,28.9,175.2
2010,M0007,Nuevo Rocafuerte,Amazonia,-0.916,-75.4,8,13,26.0,82.0
2010,M0007,Nuevo Rocafuerte,Amazonia,-0.916,-75.4,9,15,46.5,128.0
2010,M0007,Nuevo Rocafuerte,Amazonia,-0.916,-75.4,10,3,63.7,251.9
2010,M0007,Nuevo Rocafuerte,Amazonia,-0.916,-75.4,11,21,57.7,163.8
2010,M0007,Nuevo Rocafuerte,Amazonia,-0.916,-75.4,12,26,57.7,187.6
2010,M0008,Puyo,Amazonia,-1.483,-77.983,1,24,44.5,252.7
2010,M0008,Puyo,Amazonia,-1.483,-77.983,2,19,94.8,370.0
2010,M0008,Puyo,Amazonia,-1.483,-77.983,3,9,63.8,384.3
2010,M0008,Puyo,Amazonia,-1.483,-77.983,4,21,81.2,461.0
2010,M0008,Puyo,Amazonia,-1.483,-77.983,5,22,122.3,625.9
2010,M0008,Puyo,Amazonia,-1.483,-77.983,6,28,42.9,340.8
2010,M0008,Puyo,Amazonia,-1.483,-77.983,7,26,79.7,358.2
2010,M0008,Puyo,Amazonia,-1.483,-77.983,8,1,57.2,125.4
2010,M0008,Puyo,Amazonia,-1.483,-77.983,9,5,34.3,145.0
2010,M0008,Puyo,Amazonia,-1.483,-77.983,10,3,41.4,244.4
2010,M0008,Puyo,Amazonia,-1.483,-77.983,11,11,51.5,292.8
2010,M0008,Puyo,Amazonia,-1.483,-77.983,12,3,74.2,430.7
2010,M0008,Puyo,Amazonia,-1.483,-77.983,11,6,80.1,0.0
2010,M0024,Quito,Sierra,-0.166,-78.483,1,25,3.9,4.6
2010,M0024,Quito,Sierra,-0.166,-78.483,2,6,20.6,46.0
2010,M0024,Quito,Sierra,-0.166,-78.483,3,22,10.5,26.5
2010,M0024,Quito,Sierra,-0.166,-78.483,4,30,25.0,220.4
2010,M0024,Quito,Sierra,-0.166,-78.483,6,1,8.2,34.5
2010,M0024,Quito,Sierra,-0.166,-78.483,7,14,17.2,93.6
2010,M0024,Quito,Sierra,-0.166,-78.483,8,15,21.0,59.4
2010,M0024,Quito,Sierra,-0.166,-78.483,9,28,20.8,87.8
2010,M0024,Quito,Sierra,-0.166,-78.483,10,21,17.6,51.8
2010,M0024,Quito,Sierra,-0.166,-78.483,11,15,35.0,167.6
2010,M0024,Quito,Sierra,-0.166,-78.483,12,17,35.7,181.7
2010,M0024,Quito,Sierra,-0.166,-78.483,8,10,5.8,105.6
2010,M0037,Milagro,Costa,-2.133,-79.583,1,10,75.2,163.5
2010,M0037,Milagro,Costa,-2.133,-79.583,2,27,75.0,464.9
2010,M0037,Milagro,Costa,-2.133,-79.583,3,24,39.7,238.4
2010,M0037,Milagro,Costa,-2.133,-79.583,4,7,112.5,330.5
2010,M0037,Milagro,Costa,-2.133,-79.583,5,2,24.7,34.8
2010,M0037,Milagro,Costa,-2.133,-79.583,6,19,0.4,1.3
2010,M0037,Milagro,Costa,-2.133,-79.583,7,18,1.0,3.3
2010,M0037,Milagro,Costa,-2.133,-79.583,8,12,0.5,0.7
2010,M0037,Milagro,Costa,-2.133,-79.583,9,1,0.0,0.0
2010,M0037,Milagro,Costa,-2.133,-79.583,10,19,0.2,0.2
2010,M0037,Milagro,Costa,-2.133,-79.583,11,14,5.5,7.1
2010,M0037,Milagro,Costa,-2.133,-79.583,12,16,27.5,124.8
2010,M0037,Milagro,Costa,-2.133,-79.583,7,7,29.0,5.8
2010,M0105,Otavalo,Sierra,0.233,-78.266,1,11,4.0,7.7
2010,M0105,Otavalo,Sierra,0.233,-78.266,2,6,13.1,22.2
2010,M0105,Otavalo,Sierra,0.233,-78.266,3,22,19.2,36.9
2010,M0105,Otavalo,Sierra,0.233,-78.266,4,10,34.4,152.4
2010,M0105,Otavalo,Sierra,0.233,-78.266,5,1,37.3,170.4
2010,M0105,Otavalo,Sierra,0.233,-78.266,6,19,21.2,57.9
2010,M0105,Otavalo,Sierra,0.233,-78.266,7,9,18.7,78.8
2010,M0105,Otavalo,Sierra,0.233,-78.266,8,1,17.0,41.8
2010,M0105,Otavalo,Sierra,0.233,-78.266,9,22,19.4,74.4
2010,M0105,Otavalo,Sierra,0.233,-78.266,10,19,8.8,60.3
2010,M0105,Otavalo,Sierra,0.233,-78.266,11,27,28.0,204.0
2010,M0105,Otavalo,Sierra,0.233,-78.266,12,17,10.4,80.2
2010,M0105,Otavalo,Sierra,0.233,-78.266,11,7,8.0,3.2
2010,M0143,Malacatos,Sierra,-3.994537,-79.205415,1,5,3.4,3.6
2010,M0143,Malacatos,Sierra,-3.994537,-79.205415,2,6,75.3,116.5
2010,M0143,Malacatos,Sierra,-3.994537,-79.205415,3,22,13.2,71.3
2010,M0143,Malacatos,Sierra,-3.994537,-79.205415,4,28,20.4,80.0
2010,M0143,Malacatos,Sierra,-3.994537,-79.205415,5,4,27.0,93.3
2010,M0143,Malacatos,Sierra,-3.994537,-79.205415,6,18,24.2,37.9
2010,M0143,Malacatos,Sierra,-3.994537,-79.205415,7,10,9.6,25.0
2010,M0143,Malacatos,Sierra,-3.994537,-79.205415,8,31,13.7,15.9
2010,M0143,Malacatos,Sierra,-3.994537,-79.205415,9,15,8.5,12.6
2010,M0143,Malacatos,Sierra,-3.994537,-79.205415,10,19,21.4,46.5
2010,M0143,Malacatos,Sierra,-3.994537,-79.205415,11,12,33.8,92.2
2010,M0143,Malacatos,Sierra,-3.994537,-79.205415,12,23,14.0,75.6
2010,M0176,Naranjal,Costa,-2.666,-79.616,1,10,10.0,80.8
2010,M0176,Naranjal,Costa,-2.666,-79.616,2,15,19.0,133.7
2010,M0176,Naranjal,Costa,-2.666,-79.616,3,15,13.5,130.6
2010,M0176,Naranjal,Costa,-2.666,-79.616,5,3,9.6,35.8
2010,M0176,Naranjal,Costa,-2.666,-79.616,6,20,5.6,15.2
2010,M0176,Naranjal,Costa,-2.666,-79.616,8,28,2.7,10.5
2010,M0176,Naranjal,Costa,-2.666,-79.616,9,13,2.2,13.1
2010,M0176,Naranjal,Costa,-2.666,-79.616,10,30,6.2,28.6
2010,M0176,Naranjal,Costa,-2.666,-79.616,11,27,3.5,16.3
2010,M0176,Naranjal,Costa,-2.666,-79.616,12,17,18.4,54.4
2010,M0185,Machala,Costa,-3.266,-79.95,1,23,87.4,262.4
2010,M0185,Machala,Costa,-3.266,-79.95,2,9,108.5,412.1
2010,M0185,Machala,Costa,-3.266,-79.95,3,11,108.9,481.3
2010,M0185,Machala,Costa,-3.266,-79.95,4,16,113.2,268.5
2010,M0185,Machala,Costa,-3.266,-79.95,5,14,24.8,101.8
2010,M0185,Machala,Costa,-3.266,-79.95,6,1,11.2,55.8
2010,M0185,Machala,Costa,-3.266,-79.95,7,8,4.5,40.0
2010,M0185,Machala,Costa,-3.266,-79.95,8,8,5.4,40.1
2010,M0185,Machala,Costa,-3.266,-79.95,9,29,8.7,58.5
2010,M0185,Machala,Costa,-3.266,-79.95,10,31,8.3,70.1
2010,M0185,Machala,Costa,-3.266,-79.95,3,7,78.5,0.0
2010,M0185,Machala,Costa,-3.266,-79.95,4,7,64.9,0.0
2010,M0185,Machala,Costa,-3.266,-79.95,5,7,5.0,5.0
2010,M0185,Machala,Costa,-3.266,-79.95,6,7,56.8,0.0
2010,M0185,Machala,Costa,-3.266,-79.95,9,8,21.0,6.0
2010,M0185,Machala,Costa,-3.266,-79.95,11,8,45.5,0.0
2010,M0185,Machala,Costa,-3.266,-79.95,12,8,82.5,0.0
2010,M1036,Riobamba,Sierra,-1.65,-78.683,2,6,22.1,29.6
2010,M1036,Riobamba,Sierra,-1.65,-78.683,3,5,5.6,29.7
2010,M1036,Riobamba,Sierra,-1.65,-78.683,4,13,17.8,81.2
2010,M1036,Riobamba,Sierra,-1.65,-78.683,6,20,10.6,48.2
2010,M1036,Riobamba,Sierra,-1.65,-78.683,7,15,16.6,67.1
2010,M1036,Riobamba,Sierra,-1.65,-78.683,12,20,26.6,74.9
2010,M1036,Riobamba,Sierra,-1.65,-78.683,2,7,109.4,0.0
2010,M1036,Riobamba,Sierra,-1.65,-78.683,3,7,143.9,0.0
2010,M1036,Riobamba,Sierra,-1.65,-78.683,6,7,101.8,0.0
2010,M1036,Riobamba,Sierra,-1.65,-78.683,7,6,9.0,17.5
2010,M1036,Riobamba,Sierra,-1.65,-78.683,10,6,108.4,0.0
2010,M1036,Riobamba,Sierra,-1.65,-78.683,11,7,125.0,0.0
2010,M1040,Macas,Amazonia,-2.316,-78.116,1,25,30.4,202.8
2010,M1040,Macas,Amazonia,-2.316,-78.116,9,1,42.8,104.1
2010,M1040,Macas,Amazonia,-2.316,-78.116,10,20,36.8,226.2
2010,M1040,Macas,Amazonia,-2.316,-78.116,11,15,30.8,164.4
2010,M1040,Macas,Amazonia,-2.316,-78.116,12,25,35.8,232.9
2010,M1203,Lumbaqui,Amazonia,0.05,-77.316,1,7,24.5,54.5
2010,M1203,Lumbaqui,Amazonia,0.05,-77.316,2,23,173.4,472.3
2010,M1203,Lumbaqui,Amazonia,0.05,-77.316,3,5,48.0,373.1
2010,M1203,Lumbaqui,Amazonia,0.05,-77.316,4,5,157.5,758.6
2010,M1203,Lumbaqui,Amazonia,0.05,-77.316,5,31,38.9,253.3
2010,M1203,Lumbaqui,Amazonia,0.05,-77.316,6,28,53.9,427.1
2010,M1203,Lumbaqui,Amazonia,0.05,-77.316,7,15,95.7,648.6
2010,M1203,Lumbaqui,Amazonia,0.05,-77.316,8,1,79.9,311.5
2010,M1203,Lumbaqui,Amazonia,0.05,-77.316,9,5,73.6,323.2
2010,M1203,Lumbaqui,Amazonia,0.05,-77.316,10,16,53.8,242.6
2010,M1203,Lumbaqui,Amazonia,0.05,-77.316,11,8,118.8,527.9
2010,M1203,Lumbaqui,Amazonia,0.05,-77.316,12,14,110.2,434.8
2010,M1203,Lumbaqui,Amazonia,0.05,-77.316,12,13,5.0,91.2
2010,M1208,La Teodomira,Costa,-1.162778,-80.395833,1,26,49.5,202.0
2010,M1208,La Teodomira,Costa,-1.162778,-80.395833,2,18,39.7,210.8
2010,M1208,La Teodomira,Costa,-1.162778,-80.395833,3,26,47.7,175.0
2010,M1208,La Teodomira,Costa,-1.162778,-80.395833,4,18,25.7,147.4
2010,M1208,La Teodomira,Costa,-1.162778,-80.395833,5,10,29.7,79.7
2010,M1208,La Teodomira,Costa,-1.162778,-80.395833,7,9,1.7,4.7
2010,M1208,La Teodomira,Costa,-1.162778,-80.395833,8,4,1.2,2.7
2010,M1208,La Teodomira,Costa,-1.162778,-80.395833,9,29,1.0,1.7
2010,M1208,La Teodomira,Costa,-1.162778,-80.395833,11,11,0.3,0.6
2010,M1208,La Teodomira,Costa,-1.162778,-80.395833,1,7,1.0,8.5
2010,M1208,La Teodomira,Costa,-1.162778,-80.395833,2,8,14.0,6.7
2010,M1208,La Teodomira,Costa,-1.162778,-80.395833,3,7,123.6,0.0
2010,M1208,La Teodomira,Costa,-1.162778,-80.395833,6,7,104.0,0.0
2010,M1208,La Teodomira,Costa,-1.162778,-80.395833,7,7,124.5,0.0
2010,M1208,La Teodomira,Costa,-1.162778,-80.395833,10,6,149.8,0.0
2011,M0007,Nuevo Rocafuerte,Amazonia,-0.916,-75.4,1,9,46.9,123.3
2011,M0007,Nuevo Rocafuerte,Amazonia,-0.916,-75.4,2,12,56.2,214.5
2011,M0007,Nuevo Rocafuerte,Amazonia,-0.916,-75.4,3,9,44.3,197.0
2011,M0007,Nuevo Rocafuerte,Amazonia,-0.916,-75.4,4,15,43.3,285.0
2011,M0007,Nuevo Rocafuerte,Amazonia,-0.916,-75.4,5,18,66.7,326.9
2011,M0007,Nuevo Rocafuerte,Amazonia,-0.916,-75.4,6,14,36.3,310.5
2011,M0007,Nuevo Rocafuerte,Amazonia,-0.916,-75.4,7,12,32.0,295.1
2011,M0007,Nuevo Rocafuerte,Amazonia,-0.916,-75.4,8,21,39.6,185.8
2011,M0007,Nuevo Rocafuerte,Amazonia,-0.916,-75.4,9,21,70.1,357.2
2011,M0007,Nuevo Rocafuerte,Amazonia,-0.916,-75.4,10,4,17.3,84.9
2011,M0007,Nuevo Rocafuerte,Amazonia,-0.916,-75.4,11,11,62.2,260.3
2011,M0007,Nuevo Rocafuerte,Amazonia,-0.916,-75.4,12,23,43.2,265.4
2011,M0007,Nuevo Rocafuerte,Amazonia,-0.916,-75.4,11,6,97.0,0.0
2011,M0008,Puyo,Amazonia,-1.483,-77.983,1,20,90.6,409.2
2011,M0008,Puyo,Amazonia,-1.483,-77.983,2,20,134.7,423.3
2011,M0008,Puyo,Amazonia,-1.483,-77.983,3,15,85.0,409.2
2011,M0008,Puyo,Amazonia,-1.483,-77.983,4,14,48.2,452.7
2011,M0008,Puyo,Amazonia,-1.483,-77.983,5,17,74.8,307.5
2011,M0008,Puyo,Amazonia,-1.483,-77.983,6,14,34.6,205.0
2011,M0008,Puyo,Amazonia,-1.483,-77.983,7,21,58.1,342.9
2011,M0008,Puyo,Amazonia,-1.483,-77.983,8,21,48.5,148.8
2011,M0008,Puyo,Amazonia,-1.483,-77.983,9,25,33.3,221.2
2011,M0008,Puyo,Amazonia,-1.483,-77.983,10,3,62.4,383.2
2011,M0008,Puyo,Amazonia,-1.483,-77.983,11,23,91.3,491.0
2011,M0008,Puyo,Amazonia,-1.483,-77.983,12,17,58.6,364.8
2011,M0024,Quito,Sierra,-0.166,-78.483,1,2,30.0,82.4
2011,M0024,Quito,Sierra,-0.166,-78.483,2,24,23.9,182.5
2011,M0024,Quito,Sierra,-0.166,-78.483,3,5,25.7,145.8
2011,M0024,Quito,Sierra,-0.166,-78.483,4,12,39.9,372.9
2011,M0024,Quito,Sierra,-0.166,-78.483,5,1,16.8,55.2
2011,M0024,Quito,Sierra,-0.166,-78.483,6,19,13.6,28.5
2011,M0024,Quito,Sierra,-0.166,-78.483,7,29,35.4,117.2
2011,M0024,Quito,Sierra,-0.166,-78.483,8,18,19.2,48.9
2011,M0024,Quito,Sierra,-0.166,-78.483,9,17,15.9,73.3
2011,M0024,Quito,Sierra,-0.166,-78.483,10,5,11.9,54.8
2011,M0024,Quito,Sierra,-0.166,-78.483,11,26,23.0,65.7
2011,M0024,Quito,Sierra,-0.166,-78.483,12,18,26.5,107.0
2011,M0024,Quito,Sierra,-0.166,-78.483,11,1,6.6,109.0
2011,M0037,Milagro,Costa,-2.133,-79.583,1,18,34.5,158.1
2011,M0037,Milagro,Costa,-2.133,-79.583,2,6,87.8,263.2
2011,M0037,Milagro,Costa,-2.133,-79.583,3,29,32.5,39.2
2011,M0037,Milagro,Costa,-2.133,-79.583,4,18,89.7,393.8
2011,M0037,Milagro,Costa,-2.133,-79.583,5,31,0.6,0.6
2011,M0037,Milagro,Costa,-2.133,-79.583,6,2,13.3,18.3
2011,M0037,Milagro,Costa,-2.133,-79.583,7,14,13.0,31.5
2011,M0037,Milagro,Costa,-2.133,-79.583,8,29,0.1,0.1
2011,M0037,Milagro,Costa,-2.133,-79.583,9,1,0.0,0.0
2011,M0037,Milagro,Costa,-2.133,-79.583,10,1,0.0,0.0
2011,M0037,Milagro,Costa,-2.133,-79.583,11,13,0.4,0.5
2011,M0037,Milagro,Costa,-2.133,-79.583,12,28,2.8,6.8
2011,M0037,Milagro,Costa,-2.133,-79.583,7,7,71.6,0.0
2011,M0105,Otavalo,Sierra,0.233,-78.266,1,1,22.5,68.5
2011,M0105,Otavalo,Sierra,0.233,-78.266,2,16,24.8,197.7
2011,M0105,Otavalo,Sierra,0.233,-78.266,3,20,14.8,73.9
2011,M0105,Otavalo,Sierra,0.233,-78.266,4,4,35.7,302.1
2011,M0105,Otavalo,Sierra,0.233,-78.266,5,12,16.4,72.2
2011,M0105,Otavalo,Sierra,0.233,-78.266,6,19,10.2,40.4
2011,M0105,Otavalo,Sierra,0.233,-78.266,7,31,25.1,62.0
2011,M0105,Otavalo,Sierra,0.233,-78.266,8,19,13.6,46.0
2011,M0105,Otavalo,Sierra,0.233,-78.266,9,24,47.0,69.8
2011,M0105,Otavalo,Sierra,0.233,-78.266,10,10,14.3,77.6
2011,M0105,Otavalo,Sierra,0.233,-78.266,11,7,14.2,62.8
2011,M0105,Otavalo,Sierra,0.233,-78.266,12,4,31.2,120.2
2011,M0143,Malacatos,Sierra,-3.994537,-79.205415,1,28,28.5,99.8
2011,M0143,Malacatos,Sierra,-3.994537,-79.205415,2,7,59.1,260.3
2011,M0143,Malacatos,Sierra,-3.994537,-79.205415,3,20,21.4,109.6
2011,M0143,Malacatos,Sierra,-3.994537,-79.205415,4,14,19.3,150.8
2011,M0143,Malacatos,Sierra,-3.994537,-79.205415,5,15,11.1,33.0
2011,M0143,Malacatos,Sierra,-3.994537,-79.205415,6,29,15.6,19.4
2011,M0143,Malacatos,Sierra,-3.994537,-79.205415,7,11,4.7,10.1
2011,M0143,Malacatos,Sierra,-3.994537,-79.205415,8,20,10.9,19.7
2011,M0143,Malacatos,Sierra,-3.994537,-79.205415,9,9,24.2,52.0
2011,M0143,Malacatos,Sierra,-3.994537,-79.205415,10,5,30.2,103.3
2011,M0143,Malacatos,Sierra,-3.994537,-79.205415,11,28,16.7,101.3
2011,M0143,Malacatos,Sierra,-3.994537,-79.205415,12,13,25.2,116.3
2011,M0176,Naranjal,Costa,-2.666,-79.616,1,5,13.7,54.0
2011,M0176,Naranjal,Costa,-2.666,-79.616,2,7,12.6,79.0
2011,M0176,Naranjal,Costa,-2.666,-79.616,3,1,0.0,0.0
2011,M0176,Naranjal,Costa,-2.666,-79.616,4,10,11.8,116.2
2011,M0176,Naranjal,Costa,-2.666,-79.616,5,8,3.6,14.2
2011,M0176,Naranjal,Costa,-2.666,-79.616,6,3,10.0,12.4
2011,M0176,Naranjal,Costa,-2.666,-79.616,7,14,9.5,13.3
2011,M0176,Naranjal,Costa,-2.666,-79.616,8,11,2.2,13.1
2011,M0176,Naranjal,Costa,-2.666,-79.616,9,28,2.0,3.2
2011,M0176,Naranjal,Costa,-2.666,-79.616,10,14,2.2,7.2
2011,M0176,Naranjal,Costa,-2.666,-79.616,12,28,10.0,22.3
2011,M0185,Machala,Costa,-3.266,-79.95,1,26,23.2,122.0
2011,M0185,Machala,Costa,-3.266,-79.95,2,4,95.6,247.3
2011,M0185,Machala,Costa,-3.266,-79.95,4,11,149.6,426.8
2011,M0185,Machala,Costa,-3.266,-79.95,6,24,6.6,34.0
2011,M0185,Machala,Costa,-3.266,-79.95,7,2,20.0,70.2
2011,M0185,Machala,Costa,-3.266,-79.95,8,24,6.4,58.0
2011,M0185,Machala,Costa,-3.266,-79.95,9,20,4.7,36.3
2011,M0185,Machala,Costa,-3.266,-79.95,10,12,7.4,34.5
2011,M0185,Machala,Costa,-3.266,-79.95,11,13,6.0,35.2
2011,M0185,Machala,Costa,-3.266,-79.95,12,24,6.2,20.6
2011,M0185,Machala,Costa,-3.266,-79.95,3,6,149.2,0.0
2011,M0185,Machala,Costa,-3.266,-79.95,4,7,88.9,0.0
2011,M1036,Riobamba,Sierra,-1.65,-78.683,1,17,10.4,44.7
2011,M1036,Riobamba,Sierra,-1.65,-78.683,2,16,23.2,137.1
2011,M1036,Riobamba,Sierra,-1.65,-78.683,6,29,7.1,32.1
2011,M1036,Riobamba,Sierra,-1.65,-78.683,7,12,3.2,12.4
2011,M1036,Riobamba,Sierra,-1.65,-78.683,11,27,21.2,126.4
2011,M1036,Riobamba,Sierra,-1.65,-78.683,12,1,19.3,67.6
2011,M1036,Riobamba,Sierra,-1.65,-78.683,3,6,133.1,0.0
2011,M1036,Riobamba,Sierra,-1.65,-78.683,4,7,92.5,0.0
2011,M1036,Riobamba,Sierra,-1.65,-78.683,5,7,108.0,0.0
2011,M1036,Riobamba,Sierra,-1.65,-78.683,12,7,118.2,0.0
2011,M1040,Macas,Amazonia,-2.316,-78.116,2,7,70.1,336.1
2011,M1040,Macas,Amazonia,-2.316,-78.116,3,17,39.4,273.2
2011,M1040,Macas,Amazonia,-2.316,-78.116,8,1,31.4,248.4
2011,M1203,Lumbaqui,Amazonia,0.05,-77.316,1,2,176.9,749.6
2011,M1203,Lumbaqui,Amazonia,0.05,-77.316,2,9,90.0,475.6
2011,M1203,Lumbaqui,Amazonia,0.05,-77.316,3,18,72.2,555.1
2011,M1203,Lumbaqui,Amazonia,0.05,-77.316,4,26,109.2,617.0
2011,M1203,Lumbaqui,Amazonia,0.05,-77.316,5,12,132.0,644.7
2011,M1203,Lumbaqui,Amazonia,0.05,-77.316,6,14,58.5,401.6
2011,M1203,Lumbaqui,Amazonia,0.05,-77.316,7,1,96.5,311.2
2011,M1203,Lumbaqui,Amazonia,0.05,-77.316,8,21,25.2,189.3
2011,M1203,Lumbaqui,Amazonia,0.05,-77.316,9,24,98.2,395.2
2011,M1203,Lumbaqui,Amazonia,0.05,-77.316,10,11,92.2,281.2
2011,M1203,Lumbaqui,Amazonia,0.05,-77.316,11,19,57.2,374.0
2011,M1203,Lumbaqui,Amazonia,0.05,-77.316,12,13,69.0,418.3
2011,M1203,Lumbaqui,Amazonia,0.05,-77.316,8,5,98.5,0.0
2011,M1208,La Teodomira,Costa,-1.162778,-80.395833,1,13,50.3,169.8
2011,M1208,La Teodomira,Costa,-1.162778,-80.395833,2,11,27.9,155.3
2011,M1208,La Teodomira,Costa,-1.162778,-80.395833,3,4,35.7,80.7
2011,M1208,La Teodomira,Costa,-1.162778,-80.395833,4,18,61.7,209.9
2011,M1208,La Teodomira,Costa,-1.162778,-80.395833,5,20,0.9,1.3
2011,M1208,La Teodomira,Costa,-1.162778,-80.395833,6,27,7.3,12.8
2011,M1208,La Teodomira,Costa,-1.162778,-80.395833,7,13,3.8,9.7
2011,M1208,La Teodomira,Costa,-1.162778,-80.395833,8,1,0.0,0.0
2011,M1208,La Teodomira,Costa,-1.162778,-80.395833,9,25,0.5,0.5
2011,M1208,La Teodomira,Costa,-1.162778,-80.395833,10,1,0.0,0.0
2011,M1208,La Teodomira,Costa,-1.162778,-80.395833,11,1,0.0,0.0
2011,M1208,La Teodomira,Costa,-1.162778,-80.395833,12,30,19.9,32.7
2011,M1208,La Teodomira,Costa,-1.162778,-80.395833,3,6,15.0,8.6
2012,M0007,Nuevo Rocafuerte,Amazonia,-0.916,-75.4,1,27,31.0,76.7
2012,M0007,Nuevo Rocafuerte,Amazonia,-0.916,-75.4,2,22,34.0,155.2
2012,M0007,Nuevo Rocafuerte,Amazonia,-0.916,-75.4,3,2,80.8,503.8
2012,M0007,Nuevo Rocafuerte,Amazonia,-0.916,-75.4,4,16,26.1,219.5
2012,M0007,Nuevo Rocafuerte,Amazonia,-0.916,-75.4,5,1,71.8,307.5
2012,M0007,Nuevo Rocafuerte,Amazonia,-0.916,-75.4,6,8,32.8,192.0
2012,M0007,Nuevo Rocafuerte,Amazonia,-0.916,-75.4,7,10,62.7,411.4
2012,M0007,Nuevo Rocafuerte,Amazonia,-0.916,-75.4,8,25,63.6,169.6
2012,M0007,Nuevo Rocafuerte,Amazonia,-0.916,-75.4,9,23,56.5,262.9
2012,M0007,Nuevo Rocafuerte,Amazonia,-0.916,-75.4,10,26,46.9,189.5
2012,M0007,Nuevo Rocafuerte,Amazonia,-0.916,-75.4,11,26,17.8,82.5
2012,M0007,Nuevo Rocafuerte,Amazonia,-0.916,-75.4,12,22,45.8,247.4
2012,M0008,Puyo,Amazonia,-1.483,-77.983,1,20,62.0,433.9
2012,M0008,Puyo,Amazonia,-1.483,-77.983,2,18,71.8,482.5
2012,M0008,Puyo,Amazonia,-1.483,-77.983,3,26,63.1,567.6
2012,M0008,Puyo,Amazonia,-1.483,-77.983,4,17,76.8,383.8
2012,M0008,Puyo,Amazonia,-1.483,-77.983,5,19,56.5,339.5
2012,M0008,Puyo,Amazonia,-1.483,-77.983,6,16,48.9,389.5
2012,M0008,Puyo,Amazonia,-1.483,-77.983,7,17,51.0,372.7
2012,M0008,Puyo,Amazonia,-1.483,-77.983,8,13,77.6,300.5
2012,M0008,Puyo,Amazonia,-1.483,-77.983,9,6,33.1,125.8
2012,M0008,Puyo,Amazonia,-1.483,-77.983,10,5,80.8,406.5
2012,M0008,Puyo,Amazonia,-1.483,-77.983,11,16,71.2,389.1
2012,M0008,Puyo,Amazonia,-1.483,-77.983,12,6,61.9,278.9
2012,M0024,Quito,Sierra,-0.166,-78.483,1,5,18.7,158.9
2012,M0024,Quito,Sierra,-0.166,-78.483,2,29,27.4,125.3
2012,M0024,Quito,Sierra,-0.166,-78.483,3,17,35.0,143.8
2012,M0024,Quito,Sierra,-0.166,-78.483,4,4,31.9,203.4
2012,M0024,Quito,Sierra,-0.166,-78.483,5,1,20.6,40.2
2012,M0024,Quito,Sierra,-0.166,-78.483,6,16,12.9,21.4
2012,M0024,Quito,Sierra,-0.166,-78.483,7,10,1.4,1.8
2012,M0024,Quito,Sierra,-0.166,-78.483,8,16,1.4,2.6
2012,M0024,Quito,Sierra,-0.166,-78.483,9,24,5.6,12.5
2012,M0024,Quito,Sierra,-0.166,-78.483,10,11,27.4,133.8
2012,M0024,Quito,Sierra,-0.166,-78.483,11,14,29.9,177.0
2012,M0024,Quito,Sierra,-0.166,-78.483,12,25,33.4,60.8
2012,M0024,Quito,Sierra,-0.166,-78.483,7,5,25.0,6.9
2012,M0024,Quito,Sierra,-0.166,-78.483,8,5,143.9,0.0
2012,M0037,Milagro,Costa,-2.133,-79.583,1,18,88.7,457.5
2012,M0037,Milagro,Costa,-2.133,-79.583,2,8,143.2,806.2
2012,M0037,Milagro,Costa,-2.133,-79.583,3,5,105.3,494.1
2012,M0037,Milagro,Costa,-2.133,-79.583,4,5,45.1,223.1
2012,M0037,Milagro,Costa,-2.133,-79.583,5,10,30.2,85.0
2012,M0037,Milagro,Costa,-2.133,-79.583,6,23,0.3,0.4
2012,M0037,Milagro,Costa,-2.133,-79.583,7,1,0.0,0.0
2012,M0037,Milagro,Costa,-2.133,-79.583,8,1,0.0,0.0
2012,M0037,Milagro,Costa,-2.133,-79.583,9,1,0.0,0.0
2012,M0037,Milagro,Costa,-2.133,-79.583,10,30,1.8,4.9
2012,M0037,Milagro,Costa,-2.133,-79.583,11,6,0.4,0.4
2012,M0037,Milagro,Costa,-2.133,-79.583,12,30,5.7,6.1
2012,M0008,Puyo,Amazonia,-1.483,-77.983,1,20,29.6,48.2
2012,M0008,Puyo,Amazonia,-1.483,-77.983,2,16,16.6,59.0
2012,M0008,Puyo,Amazonia,-1.483,-77.983,3,1,0.0,0.0
2012,M0008,Puyo,Amazonia,-1.483,-77.983,5,14,1.6,1.6
2012,M0008,Puyo,Amazonia,-1.483,-77.983,6,1,0.0,0.0
2012,M0008,Puyo,Amazonia,-1.483,-77.983,7,1,0.0,0.0
2012,M0008,Puyo,Amazonia,-1.483,-77.983,8,1,0.0,0.0
2012,M0008,Puyo,Amazonia,-1.483,-77.983,11,29,10.2,10.2
2012,M0008,Puyo,Amazonia,-1.483,-77.983,12,11,16.4,35.2
2012,M0105,Otavalo,Sierra,0.233,-78.266,1,20,40.2,131.7
2012,M0105,Otavalo,Sierra,0.233,-78.266,2,28,10.2,77.8
2012,M0105,Otavalo,Sierra,0.233,-78.266,3,25,15.6,81.2
2012,M0105,Otavalo,Sierra,0.233,-78.266,5,21,7.5,28.2
2012,M0105,Otavalo,Sierra,0.233,-78.266,6,17,3.0,7.5
2012,M0105,Otavalo,Sierra,0.233,-78.266,7,15,2.3,4.3
2012,M0105,Otavalo,Sierra,0.233,-78.266,8,16,4.4,4.7
2012,M0105,Otavalo,Sierra,0.233,-78.266,9,24,9.1,11.5
2012,M0105,Otavalo,Sierra,0.233,-78.266,10,4,31.4,79.7
2012,M0105,Otavalo,Sierra,0.233,-78.266,11,5,19.5,86.9
2012,M0105,Otavalo,Sierra,0.233,-78.266,12,24,7.2,28.5
2012,M0105,Otavalo,Sierra,0.233,-78.266,4,6,60.0,0.0
2012,M0105,Otavalo,Sierra,0.233,-78.266,11,7,4.0,5.0
2012,M0143,Malacatos,Sierra,-3.994537,-79.205415,1,8,30.9,234.7
2012,M0143,Malacatos,Sierra,-3.994537,-79.205415,2,27,31.4,223.7
2012,M0143,Malacatos,Sierra,-3.994537,-79.205415,3,25,24.4,85.1
2012,M0143,Malacatos,Sierra,-3.994537,-79.205415,4,7,40.2,154.8
2012,M0143,Malacatos,Sierra,-3.994537,-79.205415,5,1,3.5,8.5
2012,M0143,Malacatos,Sierra,-3.994537,-79.205415,6,24,0.2,0.3
2012,M0143,Malacatos,Sierra,-3.994537,-79.205415,7,29,0.2,0.2
2012,M0143,Malacatos,Sierra,-3.994537,-79.205415,8,1,0.0,0.0
2012,M0143,Malacatos,Sierra,-3.994537,-79.205415,9,20,13.0,18.2
2012,M0143,Malacatos,Sierra,-3.994537,-79.205415,12,12,35.4,84.8
2012,M0176,Naranjal,Costa,-2.666,-79.616,1,7,11.4,103.5
2012,M0176,Naranjal,Costa,-2.666,-79.616,2,11,15.4,178.0
2012,M0176,Naranjal,Costa,-2.666,-79.616,3,9,39.4,137.8
2012,M0176,Naranjal,Costa,-2.666,-79.616,4,4,11.6,68.7
2012,M0176,Naranjal,Costa,-2.666,-79.616,5,5,27.4,85.6
2012,M0176,Naranjal,Costa,-2.666,-79.616,6,24,4.2,11.9
2012,M0176,Naranjal,Costa,-2.666,-79.616,7,17,4.2,11.2
2012,M0176,Naranjal,Costa,-2.666,-79.616,8,7,2.4,8.0
2012,M0176,Naranjal,Costa,-2.666,-79.616,9,19,6.0,19.6
2012,M0176,Naranjal,Costa,-2.666,-79.616,10,22,3.2,12.4
2012,M0176,Naranjal,Costa,-2.666,-79.616,11,10,4.2,9.6
2012,M0185,Machala,Costa,-3.266,-79.95,6,23,8.8,28.0
2012,M0185,Machala,Costa,-3.266,-79.95,7,2,12.8,42.2
2012,M0185,Machala,Costa,-3.266,-79.95,10,23,8.5,48.1
2012,M0185,Machala,Costa,-3.266,-79.95,11,2,10.6,35.9
2012,M0185,Machala,Costa,-3.266,-79.95,6,7,1.0,6.0
2012,M0185,Machala,Costa,-3.266,-79.95,7,7,15.0,4.7
2012,M0185,Machala,Costa,-3.266,-79.95,8,7,39.9,0.0
2012,M0185,Machala,Costa,-3.266,-79.95,9,7,53.1,0.0
2012,M0185,Machala,Costa,-3.266,-79.95,10,7,27.0,6.0
2012,M0185,Machala,Costa,-3.266,-79.95,11,7,20.0,4.0
2012,M0185,Machala,Costa,-3.266,-79.95,12,6,65.4,0.0
2012,M0024,Quito,Sierra,-0.166,-78.483,6,1,0.0,0.0
2012,M0024,Quito,Sierra,-0.166,-78.483,7,1,0.0,0.0
2012,M0024,Quito,Sierra,-0.166,-78.483,8,20,5.1,5.1
2012,M0024,Quito,Sierra,-0.166,-78.483,9,1,0.0,0.0
2012,M0024,Quito,Sierra,-0.166,-78.483,10,23,21.4,58.3
2012,M0024,Quito,Sierra,-0.166,-78.483,11,5,80.0,341.2
2012,M0024,Quito,Sierra,-0.166,-78.483,12,12,40.1,158.7
2012,M1036,Riobamba,Sierra,-1.65,-78.683,1,24,11.7,62.2
2012,M1036,Riobamba,Sierra,-1.65,-78.683,2,16,13.1,58.3
2012,M1036,Riobamba,Sierra,-1.65,-78.683,3,23,7.1,28.5
2012,M1036,Riobamba,Sierra,-1.65,-78.683,4,30,17.1,96.6
2012,M1036,Riobamba,Sierra,-1.65,-78.683,5,19,1.2,6.6
2012,M1036,Riobamba,Sierra,-1.65,-78.683,6,19,9.5,11.1
2012,M1036,Riobamba,Sierra,-1.65,-78.683,7,30,3.3,6.6
2012,M1203,Lumbaqui,Amazonia,0.05,-77.316,1,2,123.0,744.7
2012,M1203,Lumbaqui,Amazonia,0.05,-77.316,2,15,66.4,516.9
2012,M1203,Lumbaqui,Amazonia,0.05,-77.316,3,26,96.5,731.6
2012,M1203,Lumbaqui,Amazonia,0.05,-77.316,4,10,200.2,671.7
2012,M1203,Lumbaqui,Amazonia,0.05,-77.316,5,14,85.2,437.0
2012,M1203,Lumbaqui,Amazonia,0.05,-77.316,6,16,59.6,430.5
2012,M1203,Lumbaqui,Amazonia,0.05,-77.316,7,7,59.0,371.0
2012,M1203,Lumbaqui,Amazonia,0.05,-77.316,8,12,46.8,254.2
2012,M1203,Lumbaqui,Amazonia,0.05,-77.316,9,21,153.3,254.3
2012,M1203,Lumbaqui,Amazonia,0.05,-77.316,10,6,71.1,225.6
2012,M1203,Lumbaqui,Amazonia,0.05,-77.316,11,19,95.4,342.5
2012,M1203,Lumbaqui,Amazonia,0.05,-77.316,12,13,90.5,657.9
2012,M1203,Lumbaqui,Amazonia,0.05,-77.316,4,5,22.0,6.0
2012,M1208,La Teodomira,Costa,-1.162778,-80.395833,1,30,31.9,251.9
2012,M1208,La Teodomira,Costa,-1.162778,-80.395833,3,2,91.5,289.7
2012,M1208,La Teodomira,Costa,-1.162778,-80.395833,4,19,15.9,91.2
2012,M1208,La Teodomira,Costa,-1.162778,-80.395833,5,9,25.6,79.0
2012,M1208,La Teodomira,Costa,-1.162778,-80.395833,6,25,45.5,59.1
2012,M1208,La Teodomira,Costa,-1.162778,-80.395833,7,13,0.2,0.3
2012,M1208,La Teodomira,Costa,-1.162778,-80.395833,9,1,0.0,0.0
2012,M1208,La Teodomira,Costa,-1.162778,-80.395833,10,10,0.2,0.2
2012,M1208,La Teodomira,Costa,-1.162778,-80.395833,12,31,25.2,28.5
2012,M1208,La Teodomira,Costa,-1.162778,-80.395833,8,7,147.1,0.0
2012,M1208,La Teodomira,Costa,-1.162778,-80.395833,11,7,137.8,0.0
2013,M0007,Nuevo Rocafuerte,Amazonia,-0.916,-75.4,1,22,45.9,243.4
2013,M0007,Nuevo Rocafuerte,Amazonia,-0.916,-75.4,2,28,36.7,223.8
2013,M0007,Nuevo Rocafuerte,Amazonia,-0.916,-75.4,3,26,55.3,291.2
2013,M0007,Nuevo Rocafuerte,Amazonia,-0.916,-75.4,4,19,72.1,296.3
2013,M0007,Nuevo Rocafuerte,Amazonia,-0.916,-75.4,5,9,37.2,268.2
2013,M0007,Nuevo Rocafuerte,Amazonia,-0.916,-75.4,6,2,33.0,251.1
2013,M0007,Nuevo Rocafuerte,Amazonia,-0.916,-75.4,7,5,59.0,375.3
2013,M0007,Nuevo Rocafuerte,Amazonia,-0.916,-75.4,8,6,51.8,278.2
2013,M0007,Nuevo Rocafuerte,Amazonia,-0.916,-75.4,9,15,65.3,261.9
2013,M0007,Nuevo Rocafuerte,Amazonia,-0.916,-75.4,10,3,24.0,129.1
2013,M0007,Nuevo Rocafuerte,Amazonia,-0.916,-75.4,11,12,23.2,89.4
2013,M0007,Nuevo Rocafuerte,Amazonia,-0.916,-75.4,12,4,31.2,186.4
2013,M0008,Puyo,Amazonia,-1.483,-77.983,1,27,54.7,255.8
2013,M0008,Puyo,Amazonia,-1.483,-77.983,2,18,38.5,374.3
2013,M0008,Puyo,Amazonia,-1.483,-77.983,3,28,83.2,524.1
2013,M0008,Puyo,Amazonia,-1.483,-77.983,4,14,70.6,474.6
2013,M0008,Puyo,Amazonia,-1.483,-77.983,5,25,77.0,404.8
2013,M0008,Puyo,Amazonia,-1.483,-77.983,6,2,57.3,508.8
2013,M0008,Puyo,Amazonia,-1.483,-77.983,7,6,71.1,498.4
2013,M0008,Puyo,Amazonia,-1.483,-77.983,8,14,89.6,464.7
2013,M0008,Puyo,Amazonia,-1.483,-77.983,9,26,83.9,366.5
2013,M0008,Puyo,Amazonia,-1.483,-77.983,10,8,76.2,493.7
2013,M0008,Puyo,Amazonia,-1.483,-77.983,11,12,70.3,421.6
2013,M0008,Puyo,Amazonia,-1.483,-77.983,12,19,129.0,332.9
2013,M0024,Quito,Sierra,-0.166,-78.483,1,12,32.7,43.0
2013,M0024,Quito,Sierra,-0.166,-78.483,2,10,49.6,196.4
2013,M0024,Quito,Sierra,-0.166,-78.483,3,19,26.2,83.1
2013,M0024,Quito,Sierra,-0.166,-78.483,4,21,25.7,111.0
2013,M0024,Quito,Sierra,-0.166,-78.483,5,30,25.1,115.4
2013,M0024,Quito,Sierra,-0.166,-78.483,6,30,0.2,0.3
2013,M0024,Quito,Sierra,-0.166,-78.483,7,1,0.1,0.1
2013,M0024,Quito,Sierra,-0.166,-78.483,8,8,9.7,18.2
2013,M0024,Quito,Sierra,-0.166,-78.483,9,30,13.1,31.8
2013,M0024,Quito,Sierra,-0.166,-78.483,10,29,27.4,141.7
2013,M0024,Quito,Sierra,-0.166,-78.483,11,18,13.2,48.0
2013,M0024,Quito,Sierra,-0.166,-78.483,12,7,14.8,46.6
2013,M0024,Quito,Sierra,-0.166,-78.483,6,5,25.0,9.3
2013,M0037,Milagro,Costa,-2.133,-79.583,1,18,47.2,292.0
2013,M0037,Milagro,Costa,-2.133,-79.583,2,21,51.3,253.5
2013,M0037,Milagro,Costa,-2.133,-79.583,3,6,120.0,329.5
2013,M0037,Milagro,Costa,-2.133,-79.583,4,9,37.8,132.4
2013,M0037,Milagro,Costa,-2.133,-79.583,5,14,10.3,15.6
2013,M0037,Milagro,Costa,-2.133,-79.583,6,2,0.9,1.6
2013,M0037,Milagro,Costa,-2.133,-79.583,7,30,1.0,2.0
2013,M0037,Milagro,Costa,-2.133,-79.583,8,25,2.6,2.7
2013,M0037,Milagro,Costa,-2.133,-79.583,9,25,0.1,0.1
2013,M0037,Milagro,Costa,-2.133,-79.583,10,1,0.0,0.0
2013,M0037,Milagro,Costa,-2.133,-79.583,11,1,0.0,0.0
2013,M0037,Milagro,Costa,-2.133,-79.583,12,29,1.0,1.4
2013,M0037,Milagro,Costa,-2.133,-79.583,5,7,90.0,0.0
2013,M0008,Puyo,Amazonia,-1.483,-77.983,1,16,12.6,21.2
2013,M0008,Puyo,Amazonia,-1.483,-77.983,3,20,4.6,4.6
2013,M0008,Puyo,Amazonia,-1.483,-77.983,4,19,18.4,34.2
2013,M0008,Puyo,Amazonia,-1.483,-77.983,5,28,15.6,78.0
2013,M0008,Puyo,Amazonia,-1.483,-77.983,6,1,0.0,0.0
2013,M0008,Puyo,Amazonia,-1.483,-77.983,7,1,0.0,0.0
2013,M0008,Puyo,Amazonia,-1.483,-77.983,8,11,4.8,7.4
2013,M0008,Puyo,Amazonia,-1.483,-77.983,9,29,3.6,3.6
2013,M0008,Puyo,Amazonia,-1.483,-77.983,10,15,9.4,41.8
2013,M0105,Otavalo,Sierra,0.233,-78.266,1,12,29.7,45.5
2013,M0105,Otavalo,Sierra,0.233,-78.266,2,8,22.3,132.3
2013,M0105,Otavalo,Sierra,0.233,-78.266,4,17,11.7,47.9
2013,M0105,Otavalo,Sierra,0.233,-78.266,5,1,20.5,145.3
2013,M0105,Otavalo,Sierra,0.233,-78.266,6,2,2.5,3.6
2013,M0105,Otavalo,Sierra,0.233,-78.266,7,7,6.3,10.3
2013,M0105,Otavalo,Sierra,0.233,-78.266,8,11,12.8,31.2
2013,M0105,Otavalo,Sierra,0.233,-78.266,9,29,23.5,28.7
2013,M0105,Otavalo,Sierra,0.233,-78.266,10,13,26.6,122.1
2013,M0105,Otavalo,Sierra,0.233,-78.266,11,8,26.2,88.9
2013,M0105,Otavalo,Sierra,0.233,-78.266,12,2,25.2,84.7
2013,M0105,Otavalo,Sierra,0.233,-78.266,3,6,76.5,0.0
2013,M0143,Malacatos,Sierra,-3.994537,-79.205415,1,23,8.6,43.7
2013,M0143,Malacatos,Sierra,-3.994537,-79.205415,2,4,40.8,116.3
2013,M0143,Malacatos,Sierra,-3.994537,-79.205415,3,22,33.3,106.8
2013,M0143,Malacatos,Sierra,-3.994537,-79.205415,4,6,1.9,4.1
2013,M0143,Malacatos,Sierra,-3.994537,-79.205415,5,30,27.6,83.7
2013,M0143,Malacatos,Sierra,-3.994537,-79.205415,6,30,3.6,3.7
2013,M0143,Malacatos,Sierra,-3.994537,-79.205415,7,3,8.5,11.2
2013,M0143,Malacatos,Sierra,-3.994537,-79.205415,8,8,2.6,5.0
2013,M0143,Malacatos,Sierra,-3.994537,-79.205415,9,13,9.3,11.3
2013,M0143,Malacatos,Sierra,-3.994537,-79.205415,10,14,59.5,170.3
2013,M0143,Malacatos,Sierra,-3.994537,-79.205415,11,24,15.4,32.1
2013,M0143,Malacatos,Sierra,-3.994537,-79.205415,12,9,31.1,93.0
2013,M0176,Naranjal,Costa,-2.666,-79.616,1,18,12.6,110.6
2013,M0176,Naranjal,Costa,-2.666,-79.616,2,8,14.4,82.1
2013,M0176,Naranjal,Costa,-2.666,-79.616,3,12,10.0,74.9
2013,M0176,Naranjal,Costa,-2.666,-79.616,5,20,1.6,8.0
2013,M0176,Naranjal,Costa,-2.666,-79.616,6,2,2.0,9.2
2013,M0176,Naranjal,Costa,-2.666,-79.616,7,23,2.2,7.0
2013,M0176,Naranjal,Costa,-2.666,-79.616,8,20,3.0,5.4
2013,M0176,Naranjal,Costa,-2.666,-79.616,9,15,2.7,9.5
2013,M0176,Naranjal,Costa,-2.666,-79.616,10,24,8.0,18.0
2013,M0176,Naranjal,Costa,-2.666,-79.616,11,19,4.4,14.5
2013,M0176,Naranjal,Costa,-2.666,-79.616,12,20,9.4,9.4
2013,M0185,Machala,Costa,-3.266,-79.95,3,18,50.0,250.1
2013,M0185,Machala,Costa,-3.266,-79.95,4,4,9.6,30.6
2013,M0185,Machala,Costa,-3.266,-79.95,5,20,4.2,16.4
2013,M0185,Machala,Costa,-3.266,-79.95,6,2,6.3,63.4
2013,M0185,Machala,Costa,-3.266,-79.95,7,25,4.7,43.5
2013,M0185,Machala,Costa,-3.266,-79.95,8,28,8.9,67.0
2013,M0185,Machala,Costa,-3.266,-79.95,11,23,7.7,38.1
2013,M0185,Machala,Costa,-3.266,-79.95,2,7,66.8,0.0
2013,M0185,Machala,Costa,-3.266,-79.95,3,7,13.0,6.0
2013,M0185,Machala,Costa,-3.266,-79.95,4,6,28.0,7.6
2013,M0185,Machala,Costa,-3.266,-79.95,9,7,62.0,0.0
2013,M0185,Machala,Costa,-3.266,-79.95,10,8,28.4,0.0
2013,M0024,Quito,Sierra,-0.166,-78.483,2,1,31.1,120.1
2013,M0024,Quito,Sierra,-0.166,-78.483,3,14,30.0,143.8
2013,M0024,Quito,Sierra,-0.166,-78.483,4,1,0.0,0.0
2013,M0024,Quito,Sierra,-0.166,-78.483,5,30,41.0,178.4
2013,M0024,Quito,Sierra,-0.166,-78.483,6,1,0.0,0.0
2013,M0024,Quito,Sierra,-0.166,-78.483,7,1,0.0,0.0
2013,M0024,Quito,Sierra,-0.166,-78.483,8,1,0.0,0.0
2013,M0024,Quito,Sierra,-0.166,-78.483,6,18,9.0,204.0
2013,M1036,Riobamba,Sierra,-1.65,-78.683,4,22,14.6,43.7
2013,M1036,Riobamba,Sierra,-1.65,-78.683,6,2,9.7,16.7
2013,M1036,Riobamba,Sierra,-1.65,-78.683,7,8,1.5,6.0
2013,M1036,Riobamba,Sierra,-1.65,-78.683,8,11,4.4,8.2
2013,M1036,Riobamba,Sierra,-1.65,-78.683,9,22,2.5,6.3
2013,M1036,Riobamba,Sierra,-1.65,-78.683,10,13,19.2,49.3
2013,M1036,Riobamba,Sierra,-1.65,-78.683,11,13,14.6,37.2
2013,M1036,Riobamba,Sierra,-1.65,-78.683,3,7,119.5,0.0
2013,M1036,Riobamba,Sierra,-1.65,-78.683,12,7,122.0,0.0
2013,M1203,Lumbaqui,Amazonia,0.05,-77.316,1,22,40.1,147.0
2013,M1203,Lumbaqui,Amazonia,0.05,-77.316,2,28,78.8,452.3
2013,M1203,Lumbaqui,Amazonia,0.05,-77.316,3,17,45.5,264.7
2013,M1203,Lumbaqui,Amazonia,0.05,-77.316,4,19,97.6,410.0
2013,M1203,Lumbaqui,Amazonia,0.05,-77.316,5,30,51.8,535.1
2013,M1203,Lumbaqui,Amazonia,0.05,-77.316,6,14,59.3,419.2
2013,M1203,Lumbaqui,Amazonia,0.05,-77.316,7,9,33.5,313.3
2013,M1203,Lumbaqui,Amazonia,0.05,-77.316,8,14,101.3,404.7
2013,M1203,Lumbaqui,Amazonia,0.05,-77.316,9,13,70.2,478.7
2013,M1203,Lumbaqui,Amazonia,0.05,-77.316,10,9,120.4,494.0
2013,M1203,Lumbaqui,Amazonia,0.05,-77.316,11,10,70.2,383.4
2013,M1203,Lumbaqui,Amazonia,0.05,-77.316,12,19,91.7,335.4
2013,M1203,Lumbaqui,Amazonia,0.05,-77.316,1,5,27.0,6.8
2013,M1203,Lumbaqui,Amazonia,0.05,-77.316,4,5,12.0,6.8
2013,M1208,La Teodomira,Costa,-1.162778,-80.395833,2,27,31.7,180.9
2013,M1208,La Teodomira,Costa,-1.162778,-80.395833,3,2,51.1,254.7
2013,M1208,La Teodomira,Costa,-1.162778,-80.395833,6,7,0.8,1.1
2013,M1208,La Teodomira,Costa,-1.162778,-80.395833,8,1,0.0,0.0
2013,M1208,La Teodomira,Costa,-1.162778,-80.395833,9,1,0.0,0.0
2013,M1208,La Teodomira,Costa,-1.162778,-80.395833,11,4,0.2,0.4
2013,M1208,La Teodomira,Costa,-1.162778,-80.395833,12,29,7.0,7.4
2013,M1208,La Teodomira,Costa,-1.162778,-80.395833,1,8,104.6,0.0
2013,M1208,La Teodomira,Costa,-1.162778,-80.395833,4,7,117.2,0.0
2013,M1208,La Teodomira,Costa,-1.162778,-80.395833,5,7,115.3,0.0
2013,M1208,La Teodomira,Costa,-1.162778,-80.395833,7,7,130.1,0.0
2013,M1208,La Teodomira,Costa,-1.162778,-80.395833,10,7,126.7,0.0
2013,M1240,Ibarra,Sierra,0.35502,-78.12463,1,12,10.1,16.7
2013,M1240,Ibarra,Sierra,0.35502,-78.12463,2,8,43.7,132.2
2013,M1240,Ibarra,Sierra,0.35502,-78.12463,3,21,8.8,37.7
2013,M1240,Ibarra,Sierra,0.35502,-78.12463,4,18,44.3,135.6
2013,M1240,Ibarra,Sierra,0.35502,-78.12463,5,5,31.7,135.3
2013,M1240,Ibarra,Sierra,0.35502,-78.12463,6,30,1.7,3.0
2013,M1240,Ibarra,Sierra,0.35502,-78.12463,7,7,10.9,13.9
2013,M1240,Ibarra,Sierra,0.35502,-78.12463,8,14,6.7,11.6
2013,M1240,Ibarra,Sierra,0.35502,-78.12463,9,29,5.9,10.9
2013,M1240,Ibarra,Sierra,0.35502,-78.12463,10,16,34.7,119.4
2013,M1240,Ibarra,Sierra,0.35502,-78.12463,11,25,16.5,39.6
2013,M1240,Ibarra,Sierra,0.35502,-78.12463,12,2,49.0,93.4
2013,M1240,Ibarra,Sierra,0.35502,-78.12463,12,6,2.0,7.1
